detector,material,defect_folder,image_path,status,detection_score,detected,false_positive,error
damaged_by_fold,cotton,dirty,datasets\cotton\dirty\cotton_dirty_1.jpeg,success,0.8478446659283869,True,True,
damaged_by_fold,cotton,dirty,datasets\cotton\dirty\cotton_dirty_2.jpeg,success,0.8433876584586262,True,True,
damaged_by_fold,cotton,dirty,datasets\cotton\dirty\cotton_dirty_3.jpeg,success,0.8451214702215788,True,True,
damaged_by_fold,cotton,finger_not_enough,datasets\cotton\finger_not_enough\cotton_finger_not_enough_1.jpg,success,0.7625118530524155,True,True,
damaged_by_fold,cotton,finger_not_enough,datasets\cotton\finger_not_enough\cotton_finger_not_enough_2.jpg,success,0.803763936505453,True,True,
damaged_by_fold,cotton,incomplete_beading,datasets\cotton\incomplete_beading\cotton_incomplete_beading_1.png,success,0.6190183624121607,True,True,
damaged_by_fold,cotton,oversize,datasets\cotton\oversize\cotton_oversize_1.jpeg,success,0.8448232558139535,True,True,
damaged_by_fold,cotton,oversize,datasets\cotton\oversize\cotton_oversize_2.jpeg,success,0.6843584501017804,True,True,
damaged_by_fold,cotton,plastic_contamination,datasets\cotton\plastic_contamination\cotton_plastic_1.jpeg,success,0.7501755369127124,True,True,
damaged_by_fold,cotton,plastic_contamination,datasets\cotton\plastic_contamination\cotton_plastic_2.jpeg,success,0.7487158048313336,True,True,
damaged_by_fold,cotton,plastic_contamination,datasets\cotton\plastic_contamination\cotton_plastic_3.jpeg,success,0.8466799369966418,True,True,
damaged_by_fold,cotton,tearing,datasets\cotton\tearing\cotton_tearing_1.jpg,success,0.8297797590511986,True,True,
damaged_by_fold,cotton,tearing_fingertip,datasets\cotton\tearing_fingertip\cotton_tearing_fingertip_1.jpg,success,0.7263112384204531,True,True,
damaged_by_fold,cotton,tearing_fingertip,datasets\cotton\tearing_fingertip\cotton_tearing_fingertip_2.jpg,success,0.9055896825396825,True,True,
damaged_by_fold,cotton,touching,datasets\cotton\touching\cotton_touching_1.png,success,0.839502278437148,True,True,
damaged_by_fold,cotton,touching,datasets\cotton\touching\cotton_touching_2.png,success,0.7487397770204481,True,True,
damaged_by_fold,latex,dirty,datasets\latex\dirty\latex_dirty_1.jpeg,success,0.8844057483165744,True,True,
damaged_by_fold,latex,dirty,datasets\latex\dirty\latex_dirty_2.jpeg,success,0.8440055502632966,True,True,
damaged_by_fold,latex,dirty,datasets\latex\dirty\latex_dirty_3.jpeg,success,0.8334543425721606,True,True,
damaged_by_fold,latex,discoloration,datasets\latex\discoloration\latex_discoloration_1.jpeg,success,0.7888440643653919,True,True,
damaged_by_fold,latex,discoloration,datasets\latex\discoloration\latex_discoloration_2.jpeg,success,0.8343181921757536,True,True,
damaged_by_fold,latex,finger_not_enough,datasets\latex\finger_not_enough\latex_finger_not_enough_1.jpg,success,0.6815044960504972,True,True,
damaged_by_fold,latex,incomplete_beading,datasets\latex\incomplete_beading\latex_incomplete_beading_1.png,success,0.6749128607114634,True,True,
damaged_by_fold,latex,incomplete_beading,datasets\latex\incomplete_beading\latex_incomplete_beading_2.png,success,0.706280490307729,True,True,
damaged_by_fold,latex,oversize,datasets\latex\oversize\latex_oversize_1.jpeg,success,0.8454550762670165,True,True,
damaged_by_fold,latex,oversize,datasets\latex\oversize\latex_oversize_2.jpeg,success,0.7618565702013085,True,True,
damaged_by_fold,latex,plastic_contamination,datasets\latex\plastic_contamination\latex_plastic_1.jpeg,success,0.7453660231664261,True,True,
damaged_by_fold,latex,plastic_contamination,datasets\latex\plastic_contamination\latex_plastic_2.jpeg,success,0.7187762325421435,True,True,
damaged_by_fold,latex,spotting,datasets\latex\spotting\latex_spotting_1.jpeg,success,0.7345423074086517,True,True,
damaged_by_fold,latex,spotting,datasets\latex\spotting\latex_spotting_2.jpeg,success,0.8053888778589409,True,True,
damaged_by_fold,latex,spotting,datasets\latex\spotting\latex_spotting_3.jpeg,success,0.7018014502429408,True,True,
damaged_by_fold,latex,stain,datasets\latex\stain\latex_stain_1.jpeg,success,0.7468754453655442,True,True,
damaged_by_fold,latex,stain,datasets\latex\stain\latex_stain_2.jpeg,success,0.8185065819485173,True,True,
damaged_by_fold,latex,tearing,datasets\latex\tearing\latex_tearing_1.jpg,success,0.8023096842707458,True,True,
damaged_by_fold,latex,tearing,datasets\latex\tearing\latex_tearing_2.jpg,success,0.7001093479848011,True,True,
damaged_by_fold,latex,tearing_fingertip,datasets\latex\tearing_fingertip\latex_tearing_fingertip_1.jpg,success,0.6623001601211588,True,True,
damaged_by_fold,latex,touching,datasets\latex\touching\latex_touching_1.png,success,0.7464848162992974,True,True,
damaged_by_fold,latex,touching,datasets\latex\touching\latex_touching_2.png,success,0.6564197565318903,True,True,
damaged_by_fold,nitrile,discoloration,datasets\nitrile\discoloration\nitrile_discoloration_1.jpeg,success,0.6834185859292317,True,True,
damaged_by_fold,nitrile,discoloration,datasets\nitrile\discoloration\nitrile_discoloration_2.jpeg,success,0.7232918768122913,True,True,
damaged_by_fold,nitrile,discoloration,datasets\nitrile\discoloration\nitrile_discoloration_3.jpeg,success,0.6791842948412852,True,True,
damaged_by_fold,nitrile,finger_not_enough,datasets\nitrile\finger_not_enough\nitrile_finger_not_enough_1.jpg,success,0.7003408046811914,True,True,
damaged_by_fold,nitrile,finger_not_enough,datasets\nitrile\finger_not_enough\nitrile_finger_not_enough_2.jpg,success,0.7442851977491234,True,True,
damaged_by_fold,nitrile,incomplete_beading,datasets\nitrile\incomplete_beading\nitrile_incomplete_beading_1.png,success,0.6198836025637788,True,True,
damaged_by_fold,nitrile,incomplete_beading,datasets\nitrile\incomplete_beading\nitrile_incomplete_beading_2.png,success,0.83030523140375,True,True,
damaged_by_fold,nitrile,oversize,datasets\nitrile\oversize\nitrile_oversize_1.jpeg,success,0.6882087553662786,True,True,
damaged_by_fold,nitrile,oversize,datasets\nitrile\oversize\nitrile_oversize_2.jpeg,success,0.7315993736508657,True,True,
damaged_by_fold,nitrile,plastic_contamination,datasets\nitrile\plastic_contamination\nitrile_plastic_1.jpeg,success,0.7544599209767149,True,True,
damaged_by_fold,nitrile,plastic_contamination,datasets\nitrile\plastic_contamination\nitrile_plastic_2.jpeg,success,0.7963815283955338,True,True,
damaged_by_fold,nitrile,spotting,datasets\nitrile\spotting\nitrile_spotting_1.jpeg,success,0.5976206622125767,True,True,
damaged_by_fold,nitrile,spotting,datasets\nitrile\spotting\nitrile_spotting_2.jpeg,success,0.7429201994177572,True,True,
damaged_by_fold,nitrile,spotting,datasets\nitrile\spotting\nitrile_spotting_3.jpeg,success,0.7370914552847618,True,True,
damaged_by_fold,nitrile,stain,datasets\nitrile\stain\nitrile_stain_1.jpeg,success,0.7811898736315275,True,True,
damaged_by_fold,nitrile,stain,datasets\nitrile\stain\nitrile_stain_2.jpeg,success,0.8138498818418508,True,True,
damaged_by_fold,nitrile,stain,datasets\nitrile\stain\nitrile_stain_3.jpeg,success,0.7348743741645121,True,True,
damaged_by_fold,nitrile,tearing,datasets\nitrile\tearing\nitrile_tearing_1.jpg,success,0.7169440156825759,True,True,
damaged_by_fold,nitrile,tearing,datasets\nitrile\tearing\nitrile_tearing_2.jpg,success,0.6638018051888084,True,True,
damaged_by_fold,nitrile,tearing_fingertip,datasets\nitrile\tearing_fingertip\nitrile_tearing_fingertip_1.jpg,success,0.8155964985314892,True,True,
damaged_by_fold,nitrile,tearing_fingertip,datasets\nitrile\tearing_fingertip\nitrile_tearing_fingertip_2.jpg,success,0.0,False,False,
damaged_by_fold,nitrile,tearing_fingertip,datasets\nitrile\tearing_fingertip\nitrile_tearing_fingertip_3.jpg,success,0.6556903631720097,True,True,
damaged_by_fold,nitrile,touching,datasets\nitrile\touching\nitrile_touching_1.png,success,0.6135006817158284,True,True,
damaged_by_fold,nitrile,touching,datasets\nitrile\touching\nitrile_touching_2.png,success,0.6585202843191869,True,True,
dirty,cotton,damaged_by_fold,datasets\cotton\damaged_by_fold\cotton_damaged_by_fold_1.png,success,0.7437,True,True,
dirty,cotton,damaged_by_fold,datasets\cotton\damaged_by_fold\cotton_damaged_by_fold_2.png,success,0.5607,True,True,
dirty,cotton,finger_not_enough,datasets\cotton\finger_not_enough\cotton_finger_not_enough_1.jpg,success,0.364,False,False,
dirty,cotton,finger_not_enough,datasets\cotton\finger_not_enough\cotton_finger_not_enough_2.jpg,success,0.4127,False,False,
dirty,cotton,incomplete_beading,datasets\cotton\incomplete_beading\cotton_incomplete_beading_1.png,success,0.3671,False,False,
dirty,cotton,oversize,datasets\cotton\oversize\cotton_oversize_1.jpeg,success,0.2323,False,False,
dirty,cotton,oversize,datasets\cotton\oversize\cotton_oversize_2.jpeg,success,0.3478,False,False,
dirty,cotton,plastic_contamination,datasets\cotton\plastic_contamination\cotton_plastic_1.jpeg,success,0.6078,True,True,
dirty,cotton,plastic_contamination,datasets\cotton\plastic_contamination\cotton_plastic_2.jpeg,success,0.5648,True,True,
dirty,cotton,plastic_contamination,datasets\cotton\plastic_contamination\cotton_plastic_3.jpeg,success,0.5456,True,True,
dirty,cotton,tearing,datasets\cotton\tearing\cotton_tearing_1.jpg,success,0.6654,True,True,
dirty,cotton,tearing_fingertip,datasets\cotton\tearing_fingertip\cotton_tearing_fingertip_1.jpg,success,0.4533,False,False,
dirty,cotton,tearing_fingertip,datasets\cotton\tearing_fingertip\cotton_tearing_fingertip_2.jpg,success,0.6248,True,True,
dirty,cotton,touching,datasets\cotton\touching\cotton_touching_1.png,success,0.6441,True,True,
dirty,cotton,touching,datasets\cotton\touching\cotton_touching_2.png,success,0.5035,True,True,
dirty,latex,damaged_by_fold,datasets\latex\damaged_by_fold\latex_damaged_by_fold_1.png,success,0.4964,False,False,
dirty,latex,damaged_by_fold,datasets\latex\damaged_by_fold\latex_damaged_by_fold_2.png,success,0.5278,True,True,
dirty,latex,discoloration,datasets\latex\discoloration\latex_discoloration_1.jpeg,success,0.0494,False,False,
dirty,latex,discoloration,datasets\latex\discoloration\latex_discoloration_2.jpeg,success,0.1567,False,False,
dirty,latex,finger_not_enough,datasets\latex\finger_not_enough\latex_finger_not_enough_1.jpg,success,0.437,False,False,
dirty,latex,incomplete_beading,datasets\latex\incomplete_beading\latex_incomplete_beading_1.png,success,0.3754,False,False,
dirty,latex,incomplete_beading,datasets\latex\incomplete_beading\latex_incomplete_beading_2.png,success,0.7464,True,True,
dirty,latex,oversize,datasets\latex\oversize\latex_oversize_1.jpeg,success,0.3733,False,False,
dirty,latex,oversize,datasets\latex\oversize\latex_oversize_2.jpeg,success,0.681,True,True,
dirty,latex,plastic_contamination,datasets\latex\plastic_contamination\latex_plastic_1.jpeg,success,0.3086,False,False,
dirty,latex,plastic_contamination,datasets\latex\plastic_contamination\latex_plastic_2.jpeg,success,0.2144,False,False,
dirty,latex,spotting,datasets\latex\spotting\latex_spotting_1.jpeg,success,0.1873,False,False,
dirty,latex,spotting,datasets\latex\spotting\latex_spotting_2.jpeg,success,0.2759,False,False,
dirty,latex,spotting,datasets\latex\spotting\latex_spotting_3.jpeg,success,0.1022,False,False,
dirty,latex,stain,datasets\latex\stain\latex_stain_1.jpeg,success,0.4944,False,False,
dirty,latex,stain,datasets\latex\stain\latex_stain_2.jpeg,success,0.5561,True,True,
dirty,latex,tearing,datasets\latex\tearing\latex_tearing_1.jpg,success,0.5813,True,True,
dirty,latex,tearing,datasets\latex\tearing\latex_tearing_2.jpg,success,0.6436,True,True,
dirty,latex,tearing_fingertip,datasets\latex\tearing_fingertip\latex_tearing_fingertip_1.jpg,success,0.8247,True,True,
dirty,latex,touching,datasets\latex\touching\latex_touching_1.png,success,0.4714,False,False,
dirty,latex,touching,datasets\latex\touching\latex_touching_2.png,success,0.4293,False,False,
dirty,nitrile,damaged_by_fold,datasets\nitrile\damaged_by_fold\nitrile_damaged_by_fold_1.png,success,0.6984,True,True,
dirty,nitrile,damaged_by_fold,datasets\nitrile\damaged_by_fold\nitrile_damaged_by_fold_2.png,success,0.3382,False,False,
dirty,nitrile,discoloration,datasets\nitrile\discoloration\nitrile_discoloration_1.jpeg,success,0.1449,False,False,
dirty,nitrile,discoloration,datasets\nitrile\discoloration\nitrile_discoloration_2.jpeg,success,0.3166,False,False,
dirty,nitrile,discoloration,datasets\nitrile\discoloration\nitrile_discoloration_3.jpeg,success,0.5107,True,True,
dirty,nitrile,finger_not_enough,datasets\nitrile\finger_not_enough\nitrile_finger_not_enough_1.jpg,success,0.3101,False,False,
dirty,nitrile,finger_not_enough,datasets\nitrile\finger_not_enough\nitrile_finger_not_enough_2.jpg,success,0.6962,True,True,
dirty,nitrile,incomplete_beading,datasets\nitrile\incomplete_beading\nitrile_incomplete_beading_1.png,success,0.5589,True,True,
dirty,nitrile,incomplete_beading,datasets\nitrile\incomplete_beading\nitrile_incomplete_beading_2.png,success,0.7592,True,True,
dirty,nitrile,oversize,datasets\nitrile\oversize\nitrile_oversize_1.jpeg,success,0.5863,True,True,
dirty,nitrile,oversize,datasets\nitrile\oversize\nitrile_oversize_2.jpeg,success,0.5289,True,True,
dirty,nitrile,plastic_contamination,datasets\nitrile\plastic_contamination\nitrile_plastic_1.jpeg,success,0.3174,False,False,
dirty,nitrile,plastic_contamination,datasets\nitrile\plastic_contamination\nitrile_plastic_2.jpeg,success,0.353,False,False,
dirty,nitrile,spotting,datasets\nitrile\spotting\nitrile_spotting_1.jpeg,success,0.5515,True,True,
dirty,nitrile,spotting,datasets\nitrile\spotting\nitrile_spotting_2.jpeg,success,0.5177,True,True,
dirty,nitrile,spotting,datasets\nitrile\spotting\nitrile_spotting_3.jpeg,success,0.5087,True,True,
dirty,nitrile,stain,datasets\nitrile\stain\nitrile_stain_1.jpeg,success,0.4814,False,False,
dirty,nitrile,stain,datasets\nitrile\stain\nitrile_stain_2.jpeg,success,0.3334,False,False,
dirty,nitrile,stain,datasets\nitrile\stain\nitrile_stain_3.jpeg,success,0.6435,True,True,
dirty,nitrile,tearing,datasets\nitrile\tearing\nitrile_tearing_1.jpg,success,0.6772,True,True,
dirty,nitrile,tearing,datasets\nitrile\tearing\nitrile_tearing_2.jpg,success,0.4677,False,False,
dirty,nitrile,tearing_fingertip,datasets\nitrile\tearing_fingertip\nitrile_tearing_fingertip_1.jpg,success,0.5539,True,True,
dirty,nitrile,tearing_fingertip,datasets\nitrile\tearing_fingertip\nitrile_tearing_fingertip_2.jpg,success,0.5939,True,True,
dirty,nitrile,tearing_fingertip,datasets\nitrile\tearing_fingertip\nitrile_tearing_fingertip_3.jpg,success,0.5639,True,True,
dirty,nitrile,touching,datasets\nitrile\touching\nitrile_touching_1.png,success,0.5474,True,True,
dirty,nitrile,touching,datasets\nitrile\touching\nitrile_touching_2.png,success,0.488,False,False,
discoloration,cotton,damaged_by_fold,datasets\cotton\damaged_by_fold\cotton_damaged_by_fold_1.png,success,0.8440778906200719,True,True,
discoloration,cotton,damaged_by_fold,datasets\cotton\damaged_by_fold\cotton_damaged_by_fold_2.png,success,0.0,False,False,
discoloration,cotton,dirty,datasets\cotton\dirty\cotton_dirty_1.jpeg,success,0.920320272572402,True,True,
discoloration,cotton,dirty,datasets\cotton\dirty\cotton_dirty_2.jpeg,success,0.9302080657135154,True,True,
discoloration,cotton,dirty,datasets\cotton\dirty\cotton_dirty_3.jpeg,success,0.903796896411244,True,True,
discoloration,cotton,finger_not_enough,datasets\cotton\finger_not_enough\cotton_finger_not_enough_1.jpg,success,0.0,False,False,
discoloration,cotton,finger_not_enough,datasets\cotton\finger_not_enough\cotton_finger_not_enough_2.jpg,success,0.6269916757482599,True,True,
discoloration,cotton,incomplete_beading,datasets\cotton\incomplete_beading\cotton_incomplete_beading_1.png,success,0.0,False,False,
discoloration,cotton,oversize,datasets\cotton\oversize\cotton_oversize_1.jpeg,success,1.0,True,True,
discoloration,cotton,oversize,datasets\cotton\oversize\cotton_oversize_2.jpeg,success,0.0,False,False,
discoloration,cotton,plastic_contamination,datasets\cotton\plastic_contamination\cotton_plastic_1.jpeg,success,0.8381642815063705,True,True,
discoloration,cotton,plastic_contamination,datasets\cotton\plastic_contamination\cotton_plastic_2.jpeg,success,0.0,False,False,
discoloration,cotton,plastic_contamination,datasets\cotton\plastic_contamination\cotton_plastic_3.jpeg,success,0.6688338015452772,True,True,
discoloration,cotton,tearing,datasets\cotton\tearing\cotton_tearing_1.jpg,success,0.7399795340158724,True,True,
discoloration,cotton,tearing_fingertip,datasets\cotton\tearing_fingertip\cotton_tearing_fingertip_1.jpg,success,0.9084893617021277,True,True,
discoloration,cotton,tearing_fingertip,datasets\cotton\tearing_fingertip\cotton_tearing_fingertip_2.jpg,success,0.0,False,False,
discoloration,cotton,touching,datasets\cotton\touching\cotton_touching_1.png,success,0.0,False,False,
discoloration,cotton,touching,datasets\cotton\touching\cotton_touching_2.png,success,0.0,False,False,
discoloration,latex,damaged_by_fold,datasets\latex\damaged_by_fold\latex_damaged_by_fold_1.png,success,0.831954722542549,True,True,
discoloration,latex,damaged_by_fold,datasets\latex\damaged_by_fold\latex_damaged_by_fold_2.png,success,0.8301916811280833,True,True,
discoloration,latex,dirty,datasets\latex\dirty\latex_dirty_1.jpeg,success,1.0,True,True,
discoloration,latex,dirty,datasets\latex\dirty\latex_dirty_2.jpeg,success,0.9689920424403183,True,True,
discoloration,latex,dirty,datasets\latex\dirty\latex_dirty_3.jpeg,success,0.0,False,False,
discoloration,latex,finger_not_enough,datasets\latex\finger_not_enough\latex_finger_not_enough_1.jpg,success,0.5896999865507802,True,True,
discoloration,latex,incomplete_beading,datasets\latex\incomplete_beading\latex_incomplete_beading_1.png,success,0.7851804241889528,True,True,
discoloration,latex,incomplete_beading,datasets\latex\incomplete_beading\latex_incomplete_beading_2.png,success,1.0,True,True,
discoloration,latex,oversize,datasets\latex\oversize\latex_oversize_1.jpeg,success,0.9358528561062283,True,True,
discoloration,latex,oversize,datasets\latex\oversize\latex_oversize_2.jpeg,success,0.0,False,False,
discoloration,latex,plastic_contamination,datasets\latex\plastic_contamination\latex_plastic_1.jpeg,success,0.8388189203950103,True,True,
discoloration,latex,plastic_contamination,datasets\latex\plastic_contamination\latex_plastic_2.jpeg,success,0.8185863351202995,True,True,
discoloration,latex,spotting,datasets\latex\spotting\latex_spotting_1.jpeg,success,0.9605101718879632,True,True,
discoloration,latex,spotting,datasets\latex\spotting\latex_spotting_2.jpeg,success,0.7452394204973807,True,True,
discoloration,latex,spotting,datasets\latex\spotting\latex_spotting_3.jpeg,success,0.7869248304193979,True,True,
discoloration,latex,stain,datasets\latex\stain\latex_stain_1.jpeg,success,0.8408245875052427,True,True,
discoloration,latex,stain,datasets\latex\stain\latex_stain_2.jpeg,success,0.9794943396226415,True,True,
discoloration,latex,tearing,datasets\latex\tearing\latex_tearing_1.jpg,success,0.615912446168298,True,True,
discoloration,latex,tearing,datasets\latex\tearing\latex_tearing_2.jpg,success,0.7596388083457448,True,True,
discoloration,latex,tearing_fingertip,datasets\latex\tearing_fingertip\latex_tearing_fingertip_1.jpg,success,0.7963270392996887,True,True,
discoloration,latex,touching,datasets\latex\touching\latex_touching_1.png,success,0.8511579721931761,True,True,
discoloration,latex,touching,datasets\latex\touching\latex_touching_2.png,success,0.8164032511726266,True,True,
discoloration,nitrile,damaged_by_fold,datasets\nitrile\damaged_by_fold\nitrile_damaged_by_fold_1.png,success,0.0,False,False,
discoloration,nitrile,damaged_by_fold,datasets\nitrile\damaged_by_fold\nitrile_damaged_by_fold_2.png,success,0.0,False,False,
discoloration,nitrile,finger_not_enough,datasets\nitrile\finger_not_enough\nitrile_finger_not_enough_1.jpg,success,0.7654328603100717,True,True,
discoloration,nitrile,finger_not_enough,datasets\nitrile\finger_not_enough\nitrile_finger_not_enough_2.jpg,success,0.7798126199687898,True,True,
discoloration,nitrile,incomplete_beading,datasets\nitrile\incomplete_beading\nitrile_incomplete_beading_1.png,success,0.0,False,False,
discoloration,nitrile,incomplete_beading,datasets\nitrile\incomplete_beading\nitrile_incomplete_beading_2.png,success,0.8206622684634381,True,True,
discoloration,nitrile,oversize,datasets\nitrile\oversize\nitrile_oversize_1.jpeg,success,0.7231455173528087,True,True,
discoloration,nitrile,oversize,datasets\nitrile\oversize\nitrile_oversize_2.jpeg,success,0.9161232530929364,True,True,
discoloration,nitrile,plastic_contamination,datasets\nitrile\plastic_contamination\nitrile_plastic_1.jpeg,success,0.0,False,False,
discoloration,nitrile,plastic_contamination,datasets\nitrile\plastic_contamination\nitrile_plastic_2.jpeg,success,0.7285039064252521,True,True,
discoloration,nitrile,spotting,datasets\nitrile\spotting\nitrile_spotting_1.jpeg,success,0.9024580396428212,True,True,
discoloration,nitrile,spotting,datasets\nitrile\spotting\nitrile_spotting_2.jpeg,success,0.927298195017652,True,True,
discoloration,nitrile,spotting,datasets\nitrile\spotting\nitrile_spotting_3.jpeg,success,0.9681773640372366,True,True,
discoloration,nitrile,stain,datasets\nitrile\stain\nitrile_stain_1.jpeg,success,1.0,True,True,
discoloration,nitrile,stain,datasets\nitrile\stain\nitrile_stain_2.jpeg,success,0.872517058175853,True,True,
discoloration,nitrile,stain,datasets\nitrile\stain\nitrile_stain_3.jpeg,success,0.8845450775558991,True,True,
discoloration,nitrile,tearing,datasets\nitrile\tearing\nitrile_tearing_1.jpg,success,0.8960459429685732,True,True,
discoloration,nitrile,tearing,datasets\nitrile\tearing\nitrile_tearing_2.jpg,success,0.8487675311801663,True,True,
discoloration,nitrile,tearing_fingertip,datasets\nitrile\tearing_fingertip\nitrile_tearing_fingertip_1.jpg,success,0.7366985166023408,True,True,
discoloration,nitrile,tearing_fingertip,datasets\nitrile\tearing_fingertip\nitrile_tearing_fingertip_2.jpg,success,0.8183750415197281,True,True,
discoloration,nitrile,tearing_fingertip,datasets\nitrile\tearing_fingertip\nitrile_tearing_fingertip_3.jpg,success,0.6838839365126974,True,True,
discoloration,nitrile,touching,datasets\nitrile\touching\nitrile_touching_1.png,success,0.0,False,False,
discoloration,nitrile,touching,datasets\nitrile\touching\nitrile_touching_2.png,success,0.0,False,False,
finger_not_enough,cotton,damaged_by_fold,datasets\cotton\damaged_by_fold\cotton_damaged_by_fold_1.png,success,0.0,False,False,
finger_not_enough,cotton,damaged_by_fold,datasets\cotton\damaged_by_fold\cotton_damaged_by_fold_2.png,success,0.0,False,False,
finger_not_enough,cotton,dirty,datasets\cotton\dirty\cotton_dirty_1.jpeg,success,0.0,False,False,
finger_not_enough,cotton,dirty,datasets\cotton\dirty\cotton_dirty_2.jpeg,success,0.0,False,False,
finger_not_enough,cotton,dirty,datasets\cotton\dirty\cotton_dirty_3.jpeg,success,0.0,False,False,
finger_not_enough,cotton,incomplete_beading,datasets\cotton\incomplete_beading\cotton_incomplete_beading_1.png,success,0.0,False,False,
finger_not_enough,cotton,oversize,datasets\cotton\oversize\cotton_oversize_1.jpeg,success,0.0,False,False,
finger_not_enough,cotton,oversize,datasets\cotton\oversize\cotton_oversize_2.jpeg,success,0.0,False,False,
finger_not_enough,cotton,plastic_contamination,datasets\cotton\plastic_contamination\cotton_plastic_1.jpeg,success,0.0,False,False,
finger_not_enough,cotton,plastic_contamination,datasets\cotton\plastic_contamination\cotton_plastic_2.jpeg,success,0.0,False,False,
finger_not_enough,cotton,plastic_contamination,datasets\cotton\plastic_contamination\cotton_plastic_3.jpeg,success,0.0,False,False,
finger_not_enough,cotton,tearing,datasets\cotton\tearing\cotton_tearing_1.jpg,success,0.0,False,False,
finger_not_enough,cotton,tearing_fingertip,datasets\cotton\tearing_fingertip\cotton_tearing_fingertip_1.jpg,success,0.0,False,False,
finger_not_enough,cotton,tearing_fingertip,datasets\cotton\tearing_fingertip\cotton_tearing_fingertip_2.jpg,success,0.0,False,False,
finger_not_enough,cotton,touching,datasets\cotton\touching\cotton_touching_1.png,success,0.0,False,False,
finger_not_enough,cotton,touching,datasets\cotton\touching\cotton_touching_2.png,success,0.75,True,True,
finger_not_enough,latex,damaged_by_fold,datasets\latex\damaged_by_fold\latex_damaged_by_fold_1.png,success,0.0,False,False,
finger_not_enough,latex,damaged_by_fold,datasets\latex\damaged_by_fold\latex_damaged_by_fold_2.png,success,1.0,True,True,
finger_not_enough,latex,dirty,datasets\latex\dirty\latex_dirty_1.jpeg,success,0.0,False,False,
finger_not_enough,latex,dirty,datasets\latex\dirty\latex_dirty_2.jpeg,success,0.0,False,False,
finger_not_enough,latex,dirty,datasets\latex\dirty\latex_dirty_3.jpeg,success,0.0,False,False,
finger_not_enough,latex,discoloration,datasets\latex\discoloration\latex_discoloration_1.jpeg,success,0.0,False,False,
finger_not_enough,latex,discoloration,datasets\latex\discoloration\latex_discoloration_2.jpeg,success,0.75,True,True,
finger_not_enough,latex,incomplete_beading,datasets\latex\incomplete_beading\latex_incomplete_beading_1.png,success,0.0,False,False,
finger_not_enough,latex,incomplete_beading,datasets\latex\incomplete_beading\latex_incomplete_beading_2.png,success,0.0,False,False,
finger_not_enough,latex,oversize,datasets\latex\oversize\latex_oversize_1.jpeg,success,0.0,False,False,
finger_not_enough,latex,oversize,datasets\latex\oversize\latex_oversize_2.jpeg,success,0.0,False,False,
finger_not_enough,latex,plastic_contamination,datasets\latex\plastic_contamination\latex_plastic_1.jpeg,success,0.75,True,True,
finger_not_enough,latex,plastic_contamination,datasets\latex\plastic_contamination\latex_plastic_2.jpeg,success,0.75,True,True,
finger_not_enough,latex,spotting,datasets\latex\spotting\latex_spotting_1.jpeg,success,0.0,False,False,
finger_not_enough,latex,spotting,datasets\latex\spotting\latex_spotting_2.jpeg,success,0.0,False,False,
finger_not_enough,latex,spotting,datasets\latex\spotting\latex_spotting_3.jpeg,success,0.0,False,False,
finger_not_enough,latex,stain,datasets\latex\stain\latex_stain_1.jpeg,success,0.0,False,False,
finger_not_enough,latex,stain,datasets\latex\stain\latex_stain_2.jpeg,success,0.0,False,False,
finger_not_enough,latex,tearing,datasets\latex\tearing\latex_tearing_1.jpg,success,0.75,True,True,
finger_not_enough,latex,tearing,datasets\latex\tearing\latex_tearing_2.jpg,success,0.0,False,False,
finger_not_enough,latex,tearing_fingertip,datasets\latex\tearing_fingertip\latex_tearing_fingertip_1.jpg,success,0.0,False,False,
finger_not_enough,latex,touching,datasets\latex\touching\latex_touching_1.png,success,0.75,True,True,
finger_not_enough,latex,touching,datasets\latex\touching\latex_touching_2.png,success,0.75,True,True,
finger_not_enough,nitrile,damaged_by_fold,datasets\nitrile\damaged_by_fold\nitrile_damaged_by_fold_1.png,success,0.0,False,False,
finger_not_enough,nitrile,damaged_by_fold,datasets\nitrile\damaged_by_fold\nitrile_damaged_by_fold_2.png,success,0.0,False,False,
finger_not_enough,nitrile,discoloration,datasets\nitrile\discoloration\nitrile_discoloration_1.jpeg,success,0.75,True,True,
finger_not_enough,nitrile,discoloration,datasets\nitrile\discoloration\nitrile_discoloration_2.jpeg,success,0.75,True,True,
finger_not_enough,nitrile,discoloration,datasets\nitrile\discoloration\nitrile_discoloration_3.jpeg,success,0.0,False,False,
finger_not_enough,nitrile,incomplete_beading,datasets\nitrile\incomplete_beading\nitrile_incomplete_beading_1.png,success,0.0,False,False,
finger_not_enough,nitrile,incomplete_beading,datasets\nitrile\incomplete_beading\nitrile_incomplete_beading_2.png,success,0.75,True,True,
finger_not_enough,nitrile,oversize,datasets\nitrile\oversize\nitrile_oversize_1.jpeg,success,0.0,False,False,
finger_not_enough,nitrile,oversize,datasets\nitrile\oversize\nitrile_oversize_2.jpeg,success,0.0,False,False,
finger_not_enough,nitrile,plastic_contamination,datasets\nitrile\plastic_contamination\nitrile_plastic_1.jpeg,success,0.0,False,False,
finger_not_enough,nitrile,plastic_contamination,datasets\nitrile\plastic_contamination\nitrile_plastic_2.jpeg,success,0.0,False,False,
finger_not_enough,nitrile,spotting,datasets\nitrile\spotting\nitrile_spotting_1.jpeg,success,0.0,False,False,
finger_not_enough,nitrile,spotting,datasets\nitrile\spotting\nitrile_spotting_2.jpeg,success,0.0,False,False,
finger_not_enough,nitrile,spotting,datasets\nitrile\spotting\nitrile_spotting_3.jpeg,success,0.0,False,False,
finger_not_enough,nitrile,stain,datasets\nitrile\stain\nitrile_stain_1.jpeg,success,0.0,False,False,
finger_not_enough,nitrile,stain,datasets\nitrile\stain\nitrile_stain_2.jpeg,success,0.0,False,False,
finger_not_enough,nitrile,stain,datasets\nitrile\stain\nitrile_stain_3.jpeg,success,0.0,False,False,
finger_not_enough,nitrile,tearing,datasets\nitrile\tearing\nitrile_tearing_1.jpg,success,0.0,False,False,
finger_not_enough,nitrile,tearing,datasets\nitrile\tearing\nitrile_tearing_2.jpg,success,0.0,False,False,
finger_not_enough,nitrile,tearing_fingertip,datasets\nitrile\tearing_fingertip\nitrile_tearing_fingertip_1.jpg,success,0.0,False,False,
finger_not_enough,nitrile,tearing_fingertip,datasets\nitrile\tearing_fingertip\nitrile_tearing_fingertip_2.jpg,success,0.75,True,True,
finger_not_enough,nitrile,tearing_fingertip,datasets\nitrile\tearing_fingertip\nitrile_tearing_fingertip_3.jpg,success,0.0,False,False,
finger_not_enough,nitrile,touching,datasets\nitrile\touching\nitrile_touching_1.png,success,0.75,True,True,
finger_not_enough,nitrile,touching,datasets\nitrile\touching\nitrile_touching_2.png,success,0.75,True,True,
incomplete_beading,cotton,damaged_by_fold,datasets\cotton\damaged_by_fold\cotton_damaged_by_fold_1.png,success,0.8500000000000001,True,True,
incomplete_beading,cotton,damaged_by_fold,datasets\cotton\damaged_by_fold\cotton_damaged_by_fold_2.png,success,0.8500000000000001,True,True,
incomplete_beading,cotton,dirty,datasets\cotton\dirty\cotton_dirty_1.jpeg,success,0.6924775224775225,True,True,
incomplete_beading,cotton,dirty,datasets\cotton\dirty\cotton_dirty_2.jpeg,success,0.0,False,False,
incomplete_beading,cotton,dirty,datasets\cotton\dirty\cotton_dirty_3.jpeg,success,0.0,False,False,
incomplete_beading,cotton,finger_not_enough,datasets\cotton\finger_not_enough\cotton_finger_not_enough_1.jpg,success,0.68,True,True,
incomplete_beading,cotton,finger_not_enough,datasets\cotton\finger_not_enough\cotton_finger_not_enough_2.jpg,success,0.68,True,True,
incomplete_beading,cotton,oversize,datasets\cotton\oversize\cotton_oversize_1.jpeg,success,0.0,False,False,
incomplete_beading,cotton,oversize,datasets\cotton\oversize\cotton_oversize_2.jpeg,success,0.68,True,True,
incomplete_beading,cotton,plastic_contamination,datasets\cotton\plastic_contamination\cotton_plastic_1.jpeg,success,0.0,False,False,
incomplete_beading,cotton,plastic_contamination,datasets\cotton\plastic_contamination\cotton_plastic_2.jpeg,success,0.0,False,False,
incomplete_beading,cotton,plastic_contamination,datasets\cotton\plastic_contamination\cotton_plastic_3.jpeg,success,0.68,True,True,
incomplete_beading,cotton,tearing,datasets\cotton\tearing\cotton_tearing_1.jpg,success,0.7461815754339118,True,True,
incomplete_beading,cotton,tearing_fingertip,datasets\cotton\tearing_fingertip\cotton_tearing_fingertip_1.jpg,success,0.68,True,True,
incomplete_beading,cotton,tearing_fingertip,datasets\cotton\tearing_fingertip\cotton_tearing_fingertip_2.jpg,success,0.7392949907235622,True,True,
incomplete_beading,cotton,touching,datasets\cotton\touching\cotton_touching_1.png,success,0.7662360992301112,True,True,
incomplete_beading,cotton,touching,datasets\cotton\touching\cotton_touching_2.png,success,0.8500000000000001,True,True,
incomplete_beading,latex,damaged_by_fold,datasets\latex\damaged_by_fold\latex_damaged_by_fold_1.png,success,0.68,True,True,
incomplete_beading,latex,damaged_by_fold,datasets\latex\damaged_by_fold\latex_damaged_by_fold_2.png,success,0.68,True,True,
incomplete_beading,latex,dirty,datasets\latex\dirty\latex_dirty_1.jpeg,success,0.0,False,False,
incomplete_beading,latex,dirty,datasets\latex\dirty\latex_dirty_2.jpeg,success,0.0,False,False,
incomplete_beading,latex,dirty,datasets\latex\dirty\latex_dirty_3.jpeg,success,0.0,False,False,
incomplete_beading,latex,discoloration,datasets\latex\discoloration\latex_discoloration_1.jpeg,success,0.68,True,True,
incomplete_beading,latex,discoloration,datasets\latex\discoloration\latex_discoloration_2.jpeg,success,0.7243624161073825,True,True,
incomplete_beading,latex,finger_not_enough,datasets\latex\finger_not_enough\latex_finger_not_enough_1.jpg,success,0.68,True,True,
incomplete_beading,latex,oversize,datasets\latex\oversize\latex_oversize_1.jpeg,success,0.0,False,False,
incomplete_beading,latex,oversize,datasets\latex\oversize\latex_oversize_2.jpeg,success,0.0,False,False,
incomplete_beading,latex,plastic_contamination,datasets\latex\plastic_contamination\latex_plastic_1.jpeg,success,0.6977093596059114,True,True,
incomplete_beading,latex,plastic_contamination,datasets\latex\plastic_contamination\latex_plastic_2.jpeg,success,0.68,True,True,
incomplete_beading,latex,spotting,datasets\latex\spotting\latex_spotting_1.jpeg,success,0.8485020804438279,True,True,
incomplete_beading,latex,spotting,datasets\latex\spotting\latex_spotting_2.jpeg,success,0.68,True,True,
incomplete_beading,latex,spotting,datasets\latex\spotting\latex_spotting_3.jpeg,success,0.0,False,False,
incomplete_beading,latex,stain,datasets\latex\stain\latex_stain_1.jpeg,success,0.0,False,False,
incomplete_beading,latex,stain,datasets\latex\stain\latex_stain_2.jpeg,success,0.0,False,False,
incomplete_beading,latex,tearing,datasets\latex\tearing\latex_tearing_1.jpg,success,0.8313390928725701,True,True,
incomplete_beading,latex,tearing,datasets\latex\tearing\latex_tearing_2.jpg,success,0.7089786683904331,True,True,
incomplete_beading,latex,tearing_fingertip,datasets\latex\tearing_fingertip\latex_tearing_fingertip_1.jpg,success,0.8428239202657808,True,True,
incomplete_beading,latex,touching,datasets\latex\touching\latex_touching_1.png,success,0.743469387755102,True,True,
incomplete_beading,latex,touching,datasets\latex\touching\latex_touching_2.png,success,0.7,True,True,
incomplete_beading,nitrile,damaged_by_fold,datasets\nitrile\damaged_by_fold\nitrile_damaged_by_fold_1.png,success,0.8500000000000001,True,True,
incomplete_beading,nitrile,damaged_by_fold,datasets\nitrile\damaged_by_fold\nitrile_damaged_by_fold_2.png,success,0.8189208633093525,True,True,
incomplete_beading,nitrile,discoloration,datasets\nitrile\discoloration\nitrile_discoloration_1.jpeg,success,0.68,True,True,
incomplete_beading,nitrile,discoloration,datasets\nitrile\discoloration\nitrile_discoloration_2.jpeg,success,0.7367688534641323,True,True,
incomplete_beading,nitrile,discoloration,datasets\nitrile\discoloration\nitrile_discoloration_3.jpeg,success,0.6906349206349207,True,True,
incomplete_beading,nitrile,finger_not_enough,datasets\nitrile\finger_not_enough\nitrile_finger_not_enough_1.jpg,success,0.68,True,True,
incomplete_beading,nitrile,finger_not_enough,datasets\nitrile\finger_not_enough\nitrile_finger_not_enough_2.jpg,success,0.68,True,True,
incomplete_beading,nitrile,oversize,datasets\nitrile\oversize\nitrile_oversize_1.jpeg,success,0.795920471281296,True,True,
incomplete_beading,nitrile,oversize,datasets\nitrile\oversize\nitrile_oversize_2.jpeg,success,0.68,True,True,
incomplete_beading,nitrile,plastic_contamination,datasets\nitrile\plastic_contamination\nitrile_plastic_1.jpeg,success,0.68,True,True,
incomplete_beading,nitrile,plastic_contamination,datasets\nitrile\plastic_contamination\nitrile_plastic_2.jpeg,success,0.47626661521310354,False,False,
incomplete_beading,nitrile,spotting,datasets\nitrile\spotting\nitrile_spotting_1.jpeg,success,0.7602927195396547,True,True,
incomplete_beading,nitrile,spotting,datasets\nitrile\spotting\nitrile_spotting_2.jpeg,success,0.8342149929278642,True,True,
incomplete_beading,nitrile,spotting,datasets\nitrile\spotting\nitrile_spotting_3.jpeg,success,0.774219215776198,True,True,
incomplete_beading,nitrile,stain,datasets\nitrile\stain\nitrile_stain_1.jpeg,success,0.0,False,False,
incomplete_beading,nitrile,stain,datasets\nitrile\stain\nitrile_stain_2.jpeg,success,0.7315778916870961,True,True,
incomplete_beading,nitrile,stain,datasets\nitrile\stain\nitrile_stain_3.jpeg,success,0.68,True,True,
incomplete_beading,nitrile,tearing,datasets\nitrile\tearing\nitrile_tearing_1.jpg,success,0.68,True,True,
incomplete_beading,nitrile,tearing,datasets\nitrile\tearing\nitrile_tearing_2.jpg,success,0.7625233644859812,True,True,
incomplete_beading,nitrile,tearing_fingertip,datasets\nitrile\tearing_fingertip\nitrile_tearing_fingertip_1.jpg,success,0.7261368209255532,True,True,
incomplete_beading,nitrile,tearing_fingertip,datasets\nitrile\tearing_fingertip\nitrile_tearing_fingertip_2.jpg,success,0.7074025974025975,True,True,
incomplete_beading,nitrile,tearing_fingertip,datasets\nitrile\tearing_fingertip\nitrile_tearing_fingertip_3.jpg,success,0.7,True,True,
incomplete_beading,nitrile,touching,datasets\nitrile\touching\nitrile_touching_1.png,success,0.8418796992481203,True,True,
incomplete_beading,nitrile,touching,datasets\nitrile\touching\nitrile_touching_2.png,success,0.8483184118333982,True,True,
oversize,cotton,damaged_by_fold,datasets\cotton\damaged_by_fold\cotton_damaged_by_fold_1.png,success,0.34554443148821273,False,False,
oversize,cotton,damaged_by_fold,datasets\cotton\damaged_by_fold\cotton_damaged_by_fold_2.png,success,0.36767424719337255,False,False,
oversize,cotton,dirty,datasets\cotton\dirty\cotton_dirty_1.jpeg,success,0.5336692405762395,True,True,
oversize,cotton,dirty,datasets\cotton\dirty\cotton_dirty_2.jpeg,success,0.41422202949688924,False,False,
oversize,cotton,dirty,datasets\cotton\dirty\cotton_dirty_3.jpeg,success,0.6700627513692772,True,True,
oversize,cotton,finger_not_enough,datasets\cotton\finger_not_enough\cotton_finger_not_enough_1.jpg,success,0.2885041327234834,False,False,
oversize,cotton,finger_not_enough,datasets\cotton\finger_not_enough\cotton_finger_not_enough_2.jpg,success,0.2452736088509428,False,False,
oversize,cotton,incomplete_beading,datasets\cotton\incomplete_beading\cotton_incomplete_beading_1.png,success,0.25763169352212195,False,False,
oversize,cotton,plastic_contamination,datasets\cotton\plastic_contamination\cotton_plastic_1.jpeg,success,0.39294361881689216,False,False,
oversize,cotton,plastic_contamination,datasets\cotton\plastic_contamination\cotton_plastic_2.jpeg,success,0.4359212024400181,False,False,
oversize,cotton,plastic_contamination,datasets\cotton\plastic_contamination\cotton_plastic_3.jpeg,success,0.2488592322259751,False,False,
oversize,cotton,tearing,datasets\cotton\tearing\cotton_tearing_1.jpg,success,0.29241626502371987,False,False,
oversize,cotton,tearing_fingertip,datasets\cotton\tearing_fingertip\cotton_tearing_fingertip_1.jpg,success,0.20369364224400643,False,False,
oversize,cotton,tearing_fingertip,datasets\cotton\tearing_fingertip\cotton_tearing_fingertip_2.jpg,success,0.3614671718088005,False,False,
oversize,cotton,touching,datasets\cotton\touching\cotton_touching_1.png,success,0.24668227547165766,False,False,
oversize,cotton,touching,datasets\cotton\touching\cotton_touching_2.png,success,0.3241784989710386,False,False,
oversize,latex,damaged_by_fold,datasets\latex\damaged_by_fold\latex_damaged_by_fold_1.png,success,0.48453793847289184,False,False,
oversize,latex,damaged_by_fold,datasets\latex\damaged_by_fold\latex_damaged_by_fold_2.png,success,0.5850885707352584,True,True,
oversize,latex,dirty,datasets\latex\dirty\latex_dirty_1.jpeg,success,0.8923694910807974,True,True,
oversize,latex,dirty,datasets\latex\dirty\latex_dirty_2.jpeg,success,0.7867222981691878,True,True,
oversize,latex,dirty,datasets\latex\dirty\latex_dirty_3.jpeg,success,0.9441990302312874,True,True,
oversize,latex,discoloration,datasets\latex\discoloration\latex_discoloration_1.jpeg,success,0.45,False,False,
oversize,latex,discoloration,datasets\latex\discoloration\latex_discoloration_2.jpeg,success,0.45,False,False,
oversize,latex,finger_not_enough,datasets\latex\finger_not_enough\latex_finger_not_enough_1.jpg,success,0.531206680783728,True,True,
oversize,latex,incomplete_beading,datasets\latex\incomplete_beading\latex_incomplete_beading_1.png,success,0.6410498959931885,True,True,
oversize,latex,incomplete_beading,datasets\latex\incomplete_beading\latex_incomplete_beading_2.png,success,0.5264650275183862,True,True,
oversize,latex,plastic_contamination,datasets\latex\plastic_contamination\latex_plastic_1.jpeg,success,0.45,False,False,
oversize,latex,plastic_contamination,datasets\latex\plastic_contamination\latex_plastic_2.jpeg,success,0.47283341965727166,False,False,
oversize,latex,spotting,datasets\latex\spotting\latex_spotting_1.jpeg,success,0.3236788656351852,False,False,
oversize,latex,spotting,datasets\latex\spotting\latex_spotting_2.jpeg,success,0.4103565693205169,False,False,
oversize,latex,spotting,datasets\latex\spotting\latex_spotting_3.jpeg,success,0.3500303738393094,False,False,
oversize,latex,stain,datasets\latex\stain\latex_stain_1.jpeg,success,0.7311670886118533,True,True,
oversize,latex,stain,datasets\latex\stain\latex_stain_2.jpeg,success,0.48089073068309174,False,False,
oversize,latex,tearing,datasets\latex\tearing\latex_tearing_1.jpg,success,0.6055984991632722,True,True,
oversize,latex,tearing,datasets\latex\tearing\latex_tearing_2.jpg,success,0.4225595560697768,False,False,
oversize,latex,tearing_fingertip,datasets\latex\tearing_fingertip\latex_tearing_fingertip_1.jpg,success,0.5107322938108396,True,True,
oversize,latex,touching,datasets\latex\touching\latex_touching_1.png,success,0.45,False,False,
oversize,latex,touching,datasets\latex\touching\latex_touching_2.png,success,0.45,False,False,
oversize,nitrile,damaged_by_fold,datasets\nitrile\damaged_by_fold\nitrile_damaged_by_fold_1.png,success,0.6327453764928215,True,True,
oversize,nitrile,damaged_by_fold,datasets\nitrile\damaged_by_fold\nitrile_damaged_by_fold_2.png,success,0.25312745310101936,False,False,
oversize,nitrile,discoloration,datasets\nitrile\discoloration\nitrile_discoloration_1.jpeg,success,0.5797481651484642,True,True,
oversize,nitrile,discoloration,datasets\nitrile\discoloration\nitrile_discoloration_2.jpeg,success,0.5430639163221457,True,True,
oversize,nitrile,discoloration,datasets\nitrile\discoloration\nitrile_discoloration_3.jpeg,success,0.6536468549956366,True,True,
oversize,nitrile,finger_not_enough,datasets\nitrile\finger_not_enough\nitrile_finger_not_enough_1.jpg,success,0.541229295342781,True,True,
oversize,nitrile,finger_not_enough,datasets\nitrile\finger_not_enough\nitrile_finger_not_enough_2.jpg,success,0.5055054938144052,True,True,
oversize,nitrile,incomplete_beading,datasets\nitrile\incomplete_beading\nitrile_incomplete_beading_1.png,success,0.8187509628708375,True,True,
oversize,nitrile,incomplete_beading,datasets\nitrile\incomplete_beading\nitrile_incomplete_beading_2.png,success,0.8390042529144757,True,True,
oversize,nitrile,plastic_contamination,datasets\nitrile\plastic_contamination\nitrile_plastic_1.jpeg,success,0.6522409784082235,True,True,
oversize,nitrile,plastic_contamination,datasets\nitrile\plastic_contamination\nitrile_plastic_2.jpeg,success,0.5646456463055836,True,True,
oversize,nitrile,spotting,datasets\nitrile\spotting\nitrile_spotting_1.jpeg,success,0.22363110121193536,False,False,
oversize,nitrile,spotting,datasets\nitrile\spotting\nitrile_spotting_2.jpeg,success,0.25884011163435905,False,False,
oversize,nitrile,spotting,datasets\nitrile\spotting\nitrile_spotting_3.jpeg,success,0.2471136957740459,False,False,
oversize,nitrile,stain,datasets\nitrile\stain\nitrile_stain_1.jpeg,success,0.7595693280810981,True,True,
oversize,nitrile,stain,datasets\nitrile\stain\nitrile_stain_2.jpeg,success,0.8270801730906397,True,True,
oversize,nitrile,stain,datasets\nitrile\stain\nitrile_stain_3.jpeg,success,0.6011893081597455,True,True,
oversize,nitrile,tearing,datasets\nitrile\tearing\nitrile_tearing_1.jpg,success,0.40419906094879154,False,False,
oversize,nitrile,tearing,datasets\nitrile\tearing\nitrile_tearing_2.jpg,success,0.37862073588913164,False,False,
oversize,nitrile,tearing_fingertip,datasets\nitrile\tearing_fingertip\nitrile_tearing_fingertip_1.jpg,success,0.7709256632003584,True,True,
oversize,nitrile,tearing_fingertip,datasets\nitrile\tearing_fingertip\nitrile_tearing_fingertip_2.jpg,success,0.7559700383192389,True,True,
oversize,nitrile,tearing_fingertip,datasets\nitrile\tearing_fingertip\nitrile_tearing_fingertip_3.jpg,success,0.43245604394293324,False,False,
oversize,nitrile,touching,datasets\nitrile\touching\nitrile_touching_1.png,success,0.5641994310153702,True,True,
oversize,nitrile,touching,datasets\nitrile\touching\nitrile_touching_2.png,success,0.6109801890698284,True,True,
plastic_contamination,cotton,damaged_by_fold,datasets\cotton\damaged_by_fold\cotton_damaged_by_fold_1.png,success,0.9143253664364814,True,True,
plastic_contamination,cotton,damaged_by_fold,datasets\cotton\damaged_by_fold\cotton_damaged_by_fold_2.png,success,0.8999248867614965,True,True,
plastic_contamination,cotton,dirty,datasets\cotton\dirty\cotton_dirty_1.jpeg,success,0.8860150643404346,True,True,
plastic_contamination,cotton,dirty,datasets\cotton\dirty\cotton_dirty_2.jpeg,success,0.9602282426472293,True,True,
plastic_contamination,cotton,dirty,datasets\cotton\dirty\cotton_dirty_3.jpeg,success,0.895125473752481,True,True,
plastic_contamination,cotton,finger_not_enough,datasets\cotton\finger_not_enough\cotton_finger_not_enough_1.jpg,success,0.9436205540898662,True,True,
plastic_contamination,cotton,finger_not_enough,datasets\cotton\finger_not_enough\cotton_finger_not_enough_2.jpg,success,0.824354960027748,True,True,
plastic_contamination,cotton,incomplete_beading,datasets\cotton\incomplete_beading\cotton_incomplete_beading_1.png,success,0.9459789543983776,True,True,
plastic_contamination,cotton,oversize,datasets\cotton\oversize\cotton_oversize_1.jpeg,success,0.8885642985663665,True,True,
plastic_contamination,cotton,oversize,datasets\cotton\oversize\cotton_oversize_2.jpeg,success,0.9243501789388842,True,True,
plastic_contamination,cotton,tearing,datasets\cotton\tearing\cotton_tearing_1.jpg,success,0.9505389724961081,True,True,
plastic_contamination,cotton,tearing_fingertip,datasets\cotton\tearing_fingertip\cotton_tearing_fingertip_1.jpg,success,0.0,False,False,
plastic_contamination,cotton,tearing_fingertip,datasets\cotton\tearing_fingertip\cotton_tearing_fingertip_2.jpg,success,0.9651152504483732,True,True,
plastic_contamination,cotton,touching,datasets\cotton\touching\cotton_touching_1.png,success,0.9313316741729252,True,True,
plastic_contamination,cotton,touching,datasets\cotton\touching\cotton_touching_2.png,success,0.9579176644040825,True,True,
plastic_contamination,latex,damaged_by_fold,datasets\latex\damaged_by_fold\latex_damaged_by_fold_1.png,success,0.7974149815812588,True,True,
plastic_contamination,latex,damaged_by_fold,datasets\latex\damaged_by_fold\latex_damaged_by_fold_2.png,success,0.6212523517047817,True,True,
plastic_contamination,latex,dirty,datasets\latex\dirty\latex_dirty_1.jpeg,success,0.86367813146455,True,True,
plastic_contamination,latex,dirty,datasets\latex\dirty\latex_dirty_2.jpeg,success,0.817259551943771,True,True,
plastic_contamination,latex,dirty,datasets\latex\dirty\latex_dirty_3.jpeg,success,0.8627784130334927,True,True,
plastic_contamination,latex,discoloration,datasets\latex\discoloration\latex_discoloration_1.jpeg,success,0.7998358495863842,True,True,
plastic_contamination,latex,discoloration,datasets\latex\discoloration\latex_discoloration_2.jpeg,success,0.7594623378948171,True,True,
plastic_contamination,latex,finger_not_enough,datasets\latex\finger_not_enough\latex_finger_not_enough_1.jpg,success,0.8040435954476849,True,True,
plastic_contamination,latex,incomplete_beading,datasets\latex\incomplete_beading\latex_incomplete_beading_1.png,success,0.722752247657431,True,True,
plastic_contamination,latex,incomplete_beading,datasets\latex\incomplete_beading\latex_incomplete_beading_2.png,success,0.8392965456533813,True,True,
plastic_contamination,latex,oversize,datasets\latex\oversize\latex_oversize_1.jpeg,success,0.7360050398634455,True,True,
plastic_contamination,latex,oversize,datasets\latex\oversize\latex_oversize_2.jpeg,success,0.6109369994090802,True,True,
plastic_contamination,latex,spotting,datasets\latex\spotting\latex_spotting_1.jpeg,success,0.9352707210164583,True,True,
plastic_contamination,latex,spotting,datasets\latex\spotting\latex_spotting_2.jpeg,success,0.8554679934454261,True,True,
plastic_contamination,latex,spotting,datasets\latex\spotting\latex_spotting_3.jpeg,success,0.9356468536792943,True,True,
plastic_contamination,latex,stain,datasets\latex\stain\latex_stain_1.jpeg,success,0.9031402375549079,True,True,
plastic_contamination,latex,stain,datasets\latex\stain\latex_stain_2.jpeg,success,0.9602568479640201,True,True,
plastic_contamination,latex,tearing,datasets\latex\tearing\latex_tearing_1.jpg,success,0.7911948889847898,True,True,
plastic_contamination,latex,tearing,datasets\latex\tearing\latex_tearing_2.jpg,success,0.8905457849763235,True,True,
plastic_contamination,latex,tearing_fingertip,datasets\latex\tearing_fingertip\latex_tearing_fingertip_1.jpg,success,0.8746499788173295,True,True,
plastic_contamination,latex,touching,datasets\latex\touching\latex_touching_1.png,success,0.9449466984272002,True,True,
plastic_contamination,latex,touching,datasets\latex\touching\latex_touching_2.png,success,0.7315330378658285,True,True,
plastic_contamination,nitrile,damaged_by_fold,datasets\nitrile\damaged_by_fold\nitrile_damaged_by_fold_1.png,success,0.9060354606057297,True,True,
plastic_contamination,nitrile,damaged_by_fold,datasets\nitrile\damaged_by_fold\nitrile_damaged_by_fold_2.png,success,0.6939106152586071,True,True,
plastic_contamination,nitrile,discoloration,datasets\nitrile\discoloration\nitrile_discoloration_1.jpeg,success,0.638345842146017,True,True,
plastic_contamination,nitrile,discoloration,datasets\nitrile\discoloration\nitrile_discoloration_2.jpeg,success,0.9038762261988651,True,True,
plastic_contamination,nitrile,discoloration,datasets\nitrile\discoloration\nitrile_discoloration_3.jpeg,success,0.0,False,False,
plastic_contamination,nitrile,finger_not_enough,datasets\nitrile\finger_not_enough\nitrile_finger_not_enough_1.jpg,success,0.6676796168045845,True,True,
plastic_contamination,nitrile,finger_not_enough,datasets\nitrile\finger_not_enough\nitrile_finger_not_enough_2.jpg,success,0.8249817978631538,True,True,
plastic_contamination,nitrile,incomplete_beading,datasets\nitrile\incomplete_beading\nitrile_incomplete_beading_1.png,success,0.8176201171302464,True,True,
plastic_contamination,nitrile,incomplete_beading,datasets\nitrile\incomplete_beading\nitrile_incomplete_beading_2.png,success,0.8436026952548801,True,True,
plastic_contamination,nitrile,oversize,datasets\nitrile\oversize\nitrile_oversize_1.jpeg,success,0.6630686731219878,True,True,
plastic_contamination,nitrile,oversize,datasets\nitrile\oversize\nitrile_oversize_2.jpeg,success,0.8527575314810987,True,True,
plastic_contamination,nitrile,spotting,datasets\nitrile\spotting\nitrile_spotting_1.jpeg,success,0.0,False,False,
plastic_contamination,nitrile,spotting,datasets\nitrile\spotting\nitrile_spotting_2.jpeg,success,0.0,False,False,
plastic_contamination,nitrile,spotting,datasets\nitrile\spotting\nitrile_spotting_3.jpeg,success,0.0,False,False,
plastic_contamination,nitrile,stain,datasets\nitrile\stain\nitrile_stain_1.jpeg,success,0.9125763599153602,True,True,
plastic_contamination,nitrile,stain,datasets\nitrile\stain\nitrile_stain_2.jpeg,success,0.0,False,False,
plastic_contamination,nitrile,stain,datasets\nitrile\stain\nitrile_stain_3.jpeg,success,0.9060983604557914,True,True,
plastic_contamination,nitrile,tearing,datasets\nitrile\tearing\nitrile_tearing_1.jpg,success,0.0,False,False,
plastic_contamination,nitrile,tearing,datasets\nitrile\tearing\nitrile_tearing_2.jpg,success,0.0,False,False,
plastic_contamination,nitrile,tearing_fingertip,datasets\nitrile\tearing_fingertip\nitrile_tearing_fingertip_1.jpg,success,0.0,False,False,
plastic_contamination,nitrile,tearing_fingertip,datasets\nitrile\tearing_fingertip\nitrile_tearing_fingertip_2.jpg,success,0.0,False,False,
plastic_contamination,nitrile,tearing_fingertip,datasets\nitrile\tearing_fingertip\nitrile_tearing_fingertip_3.jpg,success,0.0,False,False,
plastic_contamination,nitrile,touching,datasets\nitrile\touching\nitrile_touching_1.png,success,0.7757813870558488,True,True,
plastic_contamination,nitrile,touching,datasets\nitrile\touching\nitrile_touching_2.png,success,0.8155521613221139,True,True,
spotting,cotton,damaged_by_fold,datasets\cotton\damaged_by_fold\cotton_damaged_by_fold_1.png,success,0.2615,False,False,
spotting,cotton,damaged_by_fold,datasets\cotton\damaged_by_fold\cotton_damaged_by_fold_2.png,success,0.1375,False,False,
spotting,cotton,dirty,datasets\cotton\dirty\cotton_dirty_1.jpeg,success,0.3969,False,False,
spotting,cotton,dirty,datasets\cotton\dirty\cotton_dirty_2.jpeg,success,0.2549,False,False,
spotting,cotton,dirty,datasets\cotton\dirty\cotton_dirty_3.jpeg,success,0.4235,False,False,
spotting,cotton,finger_not_enough,datasets\cotton\finger_not_enough\cotton_finger_not_enough_1.jpg,success,0.2456,False,False,
spotting,cotton,finger_not_enough,datasets\cotton\finger_not_enough\cotton_finger_not_enough_2.jpg,success,0.2275,False,False,
spotting,cotton,incomplete_beading,datasets\cotton\incomplete_beading\cotton_incomplete_beading_1.png,success,0.0735,False,False,
spotting,cotton,oversize,datasets\cotton\oversize\cotton_oversize_1.jpeg,success,0.3153,False,False,
spotting,cotton,oversize,datasets\cotton\oversize\cotton_oversize_2.jpeg,success,0.25,False,False,
spotting,cotton,plastic_contamination,datasets\cotton\plastic_contamination\cotton_plastic_1.jpeg,success,0.2275,False,False,
spotting,cotton,plastic_contamination,datasets\cotton\plastic_contamination\cotton_plastic_2.jpeg,success,0.1806,False,False,
spotting,cotton,plastic_contamination,datasets\cotton\plastic_contamination\cotton_plastic_3.jpeg,success,0.1061,False,False,
spotting,cotton,tearing,datasets\cotton\tearing\cotton_tearing_1.jpg,success,0.2275,False,False,
spotting,cotton,tearing_fingertip,datasets\cotton\tearing_fingertip\cotton_tearing_fingertip_1.jpg,success,0.35,False,False,
spotting,cotton,tearing_fingertip,datasets\cotton\tearing_fingertip\cotton_tearing_fingertip_2.jpg,success,0.2269,False,False,
spotting,cotton,touching,datasets\cotton\touching\cotton_touching_1.png,success,0.2275,False,False,
spotting,cotton,touching,datasets\cotton\touching\cotton_touching_2.png,success,0.2275,False,False,
spotting,latex,damaged_by_fold,datasets\latex\damaged_by_fold\latex_damaged_by_fold_1.png,success,0.1995,False,False,
spotting,latex,damaged_by_fold,datasets\latex\damaged_by_fold\latex_damaged_by_fold_2.png,success,0.1996,False,False,
spotting,latex,dirty,datasets\latex\dirty\latex_dirty_1.jpeg,success,0.2992,False,False,
spotting,latex,dirty,datasets\latex\dirty\latex_dirty_2.jpeg,success,0.3165,False,False,
spotting,latex,dirty,datasets\latex\dirty\latex_dirty_3.jpeg,success,0.2159,False,False,
spotting,latex,discoloration,datasets\latex\discoloration\latex_discoloration_1.jpeg,success,0.1922,False,False,
spotting,latex,discoloration,datasets\latex\discoloration\latex_discoloration_2.jpeg,success,0.1949,False,False,
spotting,latex,finger_not_enough,datasets\latex\finger_not_enough\latex_finger_not_enough_1.jpg,success,0.35,False,False,
spotting,latex,incomplete_beading,datasets\latex\incomplete_beading\latex_incomplete_beading_1.png,success,0.1644,False,False,
spotting,latex,incomplete_beading,datasets\latex\incomplete_beading\latex_incomplete_beading_2.png,success,0.35,False,False,
spotting,latex,oversize,datasets\latex\oversize\latex_oversize_1.jpeg,success,0.2274,False,False,
spotting,latex,oversize,datasets\latex\oversize\latex_oversize_2.jpeg,success,0.0714,False,False,
spotting,latex,plastic_contamination,datasets\latex\plastic_contamination\latex_plastic_1.jpeg,success,0.35,False,False,
spotting,latex,plastic_contamination,datasets\latex\plastic_contamination\latex_plastic_2.jpeg,success,0.35,False,False,
spotting,latex,stain,datasets\latex\stain\latex_stain_1.jpeg,success,0.35,False,False,
spotting,latex,stain,datasets\latex\stain\latex_stain_2.jpeg,success,0.35,False,False,
spotting,latex,tearing,datasets\latex\tearing\latex_tearing_1.jpg,success,0.1858,False,False,
spotting,latex,tearing,datasets\latex\tearing\latex_tearing_2.jpg,success,0.2251,False,False,
spotting,latex,tearing_fingertip,datasets\latex\tearing_fingertip\latex_tearing_fingertip_1.jpg,success,0.2258,False,False,
spotting,latex,touching,datasets\latex\touching\latex_touching_1.png,success,0.2441,False,False,
spotting,latex,touching,datasets\latex\touching\latex_touching_2.png,success,0.1848,False,False,
spotting,nitrile,damaged_by_fold,datasets\nitrile\damaged_by_fold\nitrile_damaged_by_fold_1.png,success,0.1658,False,False,
spotting,nitrile,damaged_by_fold,datasets\nitrile\damaged_by_fold\nitrile_damaged_by_fold_2.png,success,0.123,False,False,
spotting,nitrile,discoloration,datasets\nitrile\discoloration\nitrile_discoloration_1.jpeg,success,0.1564,False,False,
spotting,nitrile,discoloration,datasets\nitrile\discoloration\nitrile_discoloration_2.jpeg,success,0.35,False,False,
spotting,nitrile,discoloration,datasets\nitrile\discoloration\nitrile_discoloration_3.jpeg,success,0.35,False,False,
spotting,nitrile,finger_not_enough,datasets\nitrile\finger_not_enough\nitrile_finger_not_enough_1.jpg,success,0.35,False,False,
spotting,nitrile,finger_not_enough,datasets\nitrile\finger_not_enough\nitrile_finger_not_enough_2.jpg,success,0.0925,False,False,
spotting,nitrile,incomplete_beading,datasets\nitrile\incomplete_beading\nitrile_incomplete_beading_1.png,success,0.2472,False,False,
spotting,nitrile,incomplete_beading,datasets\nitrile\incomplete_beading\nitrile_incomplete_beading_2.png,success,0.1726,False,False,
spotting,nitrile,oversize,datasets\nitrile\oversize\nitrile_oversize_1.jpeg,success,0.3342,False,False,
spotting,nitrile,oversize,datasets\nitrile\oversize\nitrile_oversize_2.jpeg,success,0.35,False,False,
spotting,nitrile,plastic_contamination,datasets\nitrile\plastic_contamination\nitrile_plastic_1.jpeg,success,0.35,False,False,
spotting,nitrile,plastic_contamination,datasets\nitrile\plastic_contamination\nitrile_plastic_2.jpeg,success,0.0,False,False,
spotting,nitrile,stain,datasets\nitrile\stain\nitrile_stain_1.jpeg,success,0.3639,False,False,
spotting,nitrile,stain,datasets\nitrile\stain\nitrile_stain_2.jpeg,success,0.6858,True,True,
spotting,nitrile,stain,datasets\nitrile\stain\nitrile_stain_3.jpeg,success,0.3452,False,False,
spotting,nitrile,tearing,datasets\nitrile\tearing\nitrile_tearing_1.jpg,success,0.2012,False,False,
spotting,nitrile,tearing,datasets\nitrile\tearing\nitrile_tearing_2.jpg,success,0.3177,False,False,
spotting,nitrile,tearing_fingertip,datasets\nitrile\tearing_fingertip\nitrile_tearing_fingertip_1.jpg,success,0.2342,False,False,
spotting,nitrile,tearing_fingertip,datasets\nitrile\tearing_fingertip\nitrile_tearing_fingertip_2.jpg,success,0.1639,False,False,
spotting,nitrile,tearing_fingertip,datasets\nitrile\tearing_fingertip\nitrile_tearing_fingertip_3.jpg,success,0.1596,False,False,
spotting,nitrile,touching,datasets\nitrile\touching\nitrile_touching_1.png,success,0.35,False,False,
spotting,nitrile,touching,datasets\nitrile\touching\nitrile_touching_2.png,success,0.3408,False,False,
stain,cotton,damaged_by_fold,datasets\cotton\damaged_by_fold\cotton_damaged_by_fold_1.png,success,0.4033,False,False,
stain,cotton,damaged_by_fold,datasets\cotton\damaged_by_fold\cotton_damaged_by_fold_2.png,success,0.3281,False,False,
stain,cotton,dirty,datasets\cotton\dirty\cotton_dirty_1.jpeg,success,0.8399,True,True,
stain,cotton,dirty,datasets\cotton\dirty\cotton_dirty_2.jpeg,success,0.4899,False,False,
stain,cotton,dirty,datasets\cotton\dirty\cotton_dirty_3.jpeg,success,0.498,False,False,
stain,cotton,finger_not_enough,datasets\cotton\finger_not_enough\cotton_finger_not_enough_1.jpg,success,0.1788,False,False,
stain,cotton,finger_not_enough,datasets\cotton\finger_not_enough\cotton_finger_not_enough_2.jpg,success,0.4007,False,False,
stain,cotton,incomplete_beading,datasets\cotton\incomplete_beading\cotton_incomplete_beading_1.png,success,0.1401,False,False,
stain,cotton,oversize,datasets\cotton\oversize\cotton_oversize_1.jpeg,success,0.1691,False,False,
stain,cotton,oversize,datasets\cotton\oversize\cotton_oversize_2.jpeg,success,0.9015,True,True,
stain,cotton,plastic_contamination,datasets\cotton\plastic_contamination\cotton_plastic_1.jpeg,success,0.9444,True,True,
stain,cotton,plastic_contamination,datasets\cotton\plastic_contamination\cotton_plastic_2.jpeg,success,1.0,True,True,
stain,cotton,plastic_contamination,datasets\cotton\plastic_contamination\cotton_plastic_3.jpeg,success,1.0,True,True,
stain,cotton,tearing,datasets\cotton\tearing\cotton_tearing_1.jpg,success,0.4323,False,False,
stain,cotton,tearing_fingertip,datasets\cotton\tearing_fingertip\cotton_tearing_fingertip_1.jpg,success,0.9258,True,True,
stain,cotton,tearing_fingertip,datasets\cotton\tearing_fingertip\cotton_tearing_fingertip_2.jpg,success,0.2888,False,False,
stain,cotton,touching,datasets\cotton\touching\cotton_touching_1.png,success,0.3552,False,False,
stain,cotton,touching,datasets\cotton\touching\cotton_touching_2.png,success,0.2832,False,False,
stain,latex,damaged_by_fold,datasets\latex\damaged_by_fold\latex_damaged_by_fold_1.png,success,0.4165,False,False,
stain,latex,damaged_by_fold,datasets\latex\damaged_by_fold\latex_damaged_by_fold_2.png,success,0.3829,False,False,
stain,latex,dirty,datasets\latex\dirty\latex_dirty_1.jpeg,success,0.8489,True,True,
stain,latex,dirty,datasets\latex\dirty\latex_dirty_2.jpeg,success,0.7026,True,True,
stain,latex,dirty,datasets\latex\dirty\latex_dirty_3.jpeg,success,0.5363,True,True,
stain,latex,discoloration,datasets\latex\discoloration\latex_discoloration_1.jpeg,success,0.7287,True,True,
stain,latex,discoloration,datasets\latex\discoloration\latex_discoloration_2.jpeg,success,0.7862,True,True,
stain,latex,finger_not_enough,datasets\latex\finger_not_enough\latex_finger_not_enough_1.jpg,success,0.3015,False,False,
stain,latex,incomplete_beading,datasets\latex\incomplete_beading\latex_incomplete_beading_1.png,success,0.2047,False,False,
stain,latex,incomplete_beading,datasets\latex\incomplete_beading\latex_incomplete_beading_2.png,success,0.4227,False,False,
stain,latex,oversize,datasets\latex\oversize\latex_oversize_1.jpeg,success,0.446,False,False,
stain,latex,oversize,datasets\latex\oversize\latex_oversize_2.jpeg,success,1.0,True,True,
stain,latex,plastic_contamination,datasets\latex\plastic_contamination\latex_plastic_1.jpeg,success,0.7239,True,True,
stain,latex,plastic_contamination,datasets\latex\plastic_contamination\latex_plastic_2.jpeg,success,0.8064,True,True,
stain,latex,spotting,datasets\latex\spotting\latex_spotting_1.jpeg,success,0.5638,True,True,
stain,latex,spotting,datasets\latex\spotting\latex_spotting_2.jpeg,success,0.6837,True,True,
stain,latex,spotting,datasets\latex\spotting\latex_spotting_3.jpeg,success,0.4803,False,False,
stain,latex,tearing,datasets\latex\tearing\latex_tearing_1.jpg,success,0.7286,True,True,
stain,latex,tearing,datasets\latex\tearing\latex_tearing_2.jpg,success,0.3289,False,False,
stain,latex,tearing_fingertip,datasets\latex\tearing_fingertip\latex_tearing_fingertip_1.jpg,success,0.754,True,True,
stain,latex,touching,datasets\latex\touching\latex_touching_1.png,success,0.2894,False,False,
stain,latex,touching,datasets\latex\touching\latex_touching_2.png,success,0.2352,False,False,
stain,nitrile,damaged_by_fold,datasets\nitrile\damaged_by_fold\nitrile_damaged_by_fold_1.png,success,0.9751,True,True,
stain,nitrile,damaged_by_fold,datasets\nitrile\damaged_by_fold\nitrile_damaged_by_fold_2.png,success,0.0137,False,False,
stain,nitrile,discoloration,datasets\nitrile\discoloration\nitrile_discoloration_1.jpeg,success,0.8283,True,True,
stain,nitrile,discoloration,datasets\nitrile\discoloration\nitrile_discoloration_2.jpeg,success,0.9696,True,True,
stain,nitrile,discoloration,datasets\nitrile\discoloration\nitrile_discoloration_3.jpeg,success,0.9619,True,True,
stain,nitrile,finger_not_enough,datasets\nitrile\finger_not_enough\nitrile_finger_not_enough_1.jpg,success,0.7992,True,True,
stain,nitrile,finger_not_enough,datasets\nitrile\finger_not_enough\nitrile_finger_not_enough_2.jpg,success,0.9166,True,True,
stain,nitrile,incomplete_beading,datasets\nitrile\incomplete_beading\nitrile_incomplete_beading_1.png,success,0.3938,False,False,
stain,nitrile,incomplete_beading,datasets\nitrile\incomplete_beading\nitrile_incomplete_beading_2.png,success,0.7272,True,True,
stain,nitrile,oversize,datasets\nitrile\oversize\nitrile_oversize_1.jpeg,success,0.4019,False,False,
stain,nitrile,oversize,datasets\nitrile\oversize\nitrile_oversize_2.jpeg,success,1.0,True,True,
stain,nitrile,plastic_contamination,datasets\nitrile\plastic_contamination\nitrile_plastic_1.jpeg,success,0.9406,True,True,
stain,nitrile,plastic_contamination,datasets\nitrile\plastic_contamination\nitrile_plastic_2.jpeg,success,0.8816,True,True,
stain,nitrile,spotting,datasets\nitrile\spotting\nitrile_spotting_1.jpeg,success,0.7647,True,True,
stain,nitrile,spotting,datasets\nitrile\spotting\nitrile_spotting_2.jpeg,success,0.7879,True,True,
stain,nitrile,spotting,datasets\nitrile\spotting\nitrile_spotting_3.jpeg,success,0.8599,True,True,
stain,nitrile,tearing,datasets\nitrile\tearing\nitrile_tearing_1.jpg,success,0.7304,True,True,
stain,nitrile,tearing,datasets\nitrile\tearing\nitrile_tearing_2.jpg,success,0.5574,True,True,
stain,nitrile,tearing_fingertip,datasets\nitrile\tearing_fingertip\nitrile_tearing_fingertip_1.jpg,success,0.4786,False,False,
stain,nitrile,tearing_fingertip,datasets\nitrile\tearing_fingertip\nitrile_tearing_fingertip_2.jpg,success,0.893,True,True,
stain,nitrile,tearing_fingertip,datasets\nitrile\tearing_fingertip\nitrile_tearing_fingertip_3.jpg,success,0.4936,False,False,
stain,nitrile,touching,datasets\nitrile\touching\nitrile_touching_1.png,success,0.4121,False,False,
stain,nitrile,touching,datasets\nitrile\touching\nitrile_touching_2.png,success,0.7056,True,True,
tearing,cotton,damaged_by_fold,datasets\cotton\damaged_by_fold\cotton_damaged_by_fold_1.png,success,0.5687905782525098,True,True,
tearing,cotton,damaged_by_fold,datasets\cotton\damaged_by_fold\cotton_damaged_by_fold_2.png,success,0.0,False,False,
tearing,cotton,dirty,datasets\cotton\dirty\cotton_dirty_1.jpeg,success,1.0,True,True,
tearing,cotton,dirty,datasets\cotton\dirty\cotton_dirty_2.jpeg,success,1.0,True,True,
tearing,cotton,dirty,datasets\cotton\dirty\cotton_dirty_3.jpeg,success,0.0,False,False,
tearing,cotton,finger_not_enough,datasets\cotton\finger_not_enough\cotton_finger_not_enough_1.jpg,success,0.0,False,False,
tearing,cotton,finger_not_enough,datasets\cotton\finger_not_enough\cotton_finger_not_enough_2.jpg,success,0.914062183450502,True,True,
tearing,cotton,incomplete_beading,datasets\cotton\incomplete_beading\cotton_incomplete_beading_1.png,success,0.0,False,False,
tearing,cotton,oversize,datasets\cotton\oversize\cotton_oversize_1.jpeg,success,1.0,True,True,
tearing,cotton,oversize,datasets\cotton\oversize\cotton_oversize_2.jpeg,success,0.5548840889555209,True,True,
tearing,cotton,plastic_contamination,datasets\cotton\plastic_contamination\cotton_plastic_1.jpeg,success,1.0,True,True,
tearing,cotton,plastic_contamination,datasets\cotton\plastic_contamination\cotton_plastic_2.jpeg,success,0.0,False,False,
tearing,cotton,plastic_contamination,datasets\cotton\plastic_contamination\cotton_plastic_3.jpeg,success,1.0,True,True,
tearing,cotton,tearing_fingertip,datasets\cotton\tearing_fingertip\cotton_tearing_fingertip_1.jpg,success,0.4721154432851303,False,False,
tearing,cotton,tearing_fingertip,datasets\cotton\tearing_fingertip\cotton_tearing_fingertip_2.jpg,success,0.8855401259355525,True,True,
tearing,cotton,touching,datasets\cotton\touching\cotton_touching_1.png,success,0.6308231129683238,True,True,
tearing,cotton,touching,datasets\cotton\touching\cotton_touching_2.png,success,0.0,False,False,
tearing,latex,damaged_by_fold,datasets\latex\damaged_by_fold\latex_damaged_by_fold_1.png,success,0.0,False,False,
tearing,latex,damaged_by_fold,datasets\latex\damaged_by_fold\latex_damaged_by_fold_2.png,success,0.0,False,False,
tearing,latex,dirty,datasets\latex\dirty\latex_dirty_1.jpeg,success,0.0,False,False,
tearing,latex,dirty,datasets\latex\dirty\latex_dirty_2.jpeg,success,0.0,False,False,
tearing,latex,dirty,datasets\latex\dirty\latex_dirty_3.jpeg,success,0.0,False,False,
tearing,latex,discoloration,datasets\latex\discoloration\latex_discoloration_1.jpeg,success,0.32613754752937946,False,False,
tearing,latex,discoloration,datasets\latex\discoloration\latex_discoloration_2.jpeg,success,0.29752290926401337,False,False,
tearing,latex,finger_not_enough,datasets\latex\finger_not_enough\latex_finger_not_enough_1.jpg,success,0.5183309526901269,True,True,
tearing,latex,incomplete_beading,datasets\latex\incomplete_beading\latex_incomplete_beading_1.png,success,0.0,False,False,
tearing,latex,incomplete_beading,datasets\latex\incomplete_beading\latex_incomplete_beading_2.png,success,0.3660332608489636,False,False,
tearing,latex,oversize,datasets\latex\oversize\latex_oversize_1.jpeg,success,1.0,True,True,
tearing,latex,oversize,datasets\latex\oversize\latex_oversize_2.jpeg,success,1.0,True,True,
tearing,latex,plastic_contamination,datasets\latex\plastic_contamination\latex_plastic_1.jpeg,success,0.28331021462939776,False,False,
tearing,latex,plastic_contamination,datasets\latex\plastic_contamination\latex_plastic_2.jpeg,success,0.35547544627984035,False,False,
tearing,latex,spotting,datasets\latex\spotting\latex_spotting_1.jpeg,success,0.0,False,False,
tearing,latex,spotting,datasets\latex\spotting\latex_spotting_2.jpeg,success,0.7174864483366326,True,True,
tearing,latex,spotting,datasets\latex\spotting\latex_spotting_3.jpeg,success,0.2789603004249117,False,False,
tearing,latex,stain,datasets\latex\stain\latex_stain_1.jpeg,success,1.0,True,True,
tearing,latex,stain,datasets\latex\stain\latex_stain_2.jpeg,success,0.0,False,False,
tearing,latex,tearing_fingertip,datasets\latex\tearing_fingertip\latex_tearing_fingertip_1.jpg,success,0.5685865038248332,True,True,
tearing,latex,touching,datasets\latex\touching\latex_touching_1.png,success,0.25385022526883805,False,False,
tearing,latex,touching,datasets\latex\touching\latex_touching_2.png,success,0.0,False,False,
tearing,nitrile,damaged_by_fold,datasets\nitrile\damaged_by_fold\nitrile_damaged_by_fold_1.png,success,0.3026828987195119,False,False,
tearing,nitrile,damaged_by_fold,datasets\nitrile\damaged_by_fold\nitrile_damaged_by_fold_2.png,success,0.0,False,False,
tearing,nitrile,discoloration,datasets\nitrile\discoloration\nitrile_discoloration_1.jpeg,success,0.6055491493322854,True,True,
tearing,nitrile,discoloration,datasets\nitrile\discoloration\nitrile_discoloration_2.jpeg,success,0.0,False,False,
tearing,nitrile,discoloration,datasets\nitrile\discoloration\nitrile_discoloration_3.jpeg,success,0.24411696356610138,False,False,
tearing,nitrile,finger_not_enough,datasets\nitrile\finger_not_enough\nitrile_finger_not_enough_1.jpg,success,1.0,True,True,
tearing,nitrile,finger_not_enough,datasets\nitrile\finger_not_enough\nitrile_finger_not_enough_2.jpg,success,0.0,False,False,
tearing,nitrile,incomplete_beading,datasets\nitrile\incomplete_beading\nitrile_incomplete_beading_1.png,success,0.0,False,False,
tearing,nitrile,incomplete_beading,datasets\nitrile\incomplete_beading\nitrile_incomplete_beading_2.png,success,0.5630007911520566,True,True,
tearing,nitrile,oversize,datasets\nitrile\oversize\nitrile_oversize_1.jpeg,success,0.0,False,False,
tearing,nitrile,oversize,datasets\nitrile\oversize\nitrile_oversize_2.jpeg,success,1.0,True,True,
tearing,nitrile,plastic_contamination,datasets\nitrile\plastic_contamination\nitrile_plastic_1.jpeg,success,0.2312102866025543,False,False,
tearing,nitrile,plastic_contamination,datasets\nitrile\plastic_contamination\nitrile_plastic_2.jpeg,success,0.7727651843593873,True,True,
tearing,nitrile,spotting,datasets\nitrile\spotting\nitrile_spotting_1.jpeg,success,0.30728011264067423,False,False,
tearing,nitrile,spotting,datasets\nitrile\spotting\nitrile_spotting_2.jpeg,success,0.30898682357040097,False,False,
tearing,nitrile,spotting,datasets\nitrile\spotting\nitrile_spotting_3.jpeg,success,0.27601157067014614,False,False,
tearing,nitrile,stain,datasets\nitrile\stain\nitrile_stain_1.jpeg,success,0.9707779661659912,True,True,
tearing,nitrile,stain,datasets\nitrile\stain\nitrile_stain_2.jpeg,success,0.45754669941793025,False,False,
tearing,nitrile,stain,datasets\nitrile\stain\nitrile_stain_3.jpeg,success,1.0,True,True,
tearing,nitrile,tearing_fingertip,datasets\nitrile\tearing_fingertip\nitrile_tearing_fingertip_1.jpg,success,0.40367922227048,False,False,
tearing,nitrile,tearing_fingertip,datasets\nitrile\tearing_fingertip\nitrile_tearing_fingertip_2.jpg,success,1.0,True,True,
tearing,nitrile,tearing_fingertip,datasets\nitrile\tearing_fingertip\nitrile_tearing_fingertip_3.jpg,success,0.35233523861214294,False,False,
tearing,nitrile,touching,datasets\nitrile\touching\nitrile_touching_1.png,success,0.24718520869532473,False,False,
tearing,nitrile,touching,datasets\nitrile\touching\nitrile_touching_2.png,success,0.0,False,False,
tearing_fingertip,cotton,damaged_by_fold,datasets\cotton\damaged_by_fold\cotton_damaged_by_fold_1.png,success,0.08280523869877482,False,False,
tearing_fingertip,cotton,damaged_by_fold,datasets\cotton\damaged_by_fold\cotton_damaged_by_fold_2.png,success,0.07331157419030881,False,False,
tearing_fingertip,cotton,dirty,datasets\cotton\dirty\cotton_dirty_1.jpeg,success,1.0,True,True,
tearing_fingertip,cotton,dirty,datasets\cotton\dirty\cotton_dirty_2.jpeg,success,1.0,True,True,
tearing_fingertip,cotton,dirty,datasets\cotton\dirty\cotton_dirty_3.jpeg,success,1.0,True,True,
tearing_fingertip,cotton,finger_not_enough,datasets\cotton\finger_not_enough\cotton_finger_not_enough_1.jpg,success,1.0,True,True,
tearing_fingertip,cotton,finger_not_enough,datasets\cotton\finger_not_enough\cotton_finger_not_enough_2.jpg,success,0.019964507542147295,False,False,
tearing_fingertip,cotton,incomplete_beading,datasets\cotton\incomplete_beading\cotton_incomplete_beading_1.png,success,0.7637687756030951,True,True,
tearing_fingertip,cotton,oversize,datasets\cotton\oversize\cotton_oversize_1.jpeg,success,0.2357606344628695,False,False,
tearing_fingertip,cotton,oversize,datasets\cotton\oversize\cotton_oversize_2.jpeg,success,0.0,False,False,
tearing_fingertip,cotton,plastic_contamination,datasets\cotton\plastic_contamination\cotton_plastic_1.jpeg,success,0.0,False,False,
tearing_fingertip,cotton,plastic_contamination,datasets\cotton\plastic_contamination\cotton_plastic_2.jpeg,success,1.0,True,True,
tearing_fingertip,cotton,plastic_contamination,datasets\cotton\plastic_contamination\cotton_plastic_3.jpeg,success,0.7019675925925926,True,True,
tearing_fingertip,cotton,tearing,datasets\cotton\tearing\cotton_tearing_1.jpg,success,1.0,True,True,
tearing_fingertip,cotton,touching,datasets\cotton\touching\cotton_touching_1.png,success,0.6195864221615295,True,True,
tearing_fingertip,cotton,touching,datasets\cotton\touching\cotton_touching_2.png,success,0.04459782320148659,False,False,
tearing_fingertip,latex,damaged_by_fold,datasets\latex\damaged_by_fold\latex_damaged_by_fold_1.png,success,0.05230270770654941,False,False,
tearing_fingertip,latex,damaged_by_fold,datasets\latex\damaged_by_fold\latex_damaged_by_fold_2.png,success,0.01284796573875803,False,False,
tearing_fingertip,latex,dirty,datasets\latex\dirty\latex_dirty_1.jpeg,success,1.0,True,True,
tearing_fingertip,latex,dirty,datasets\latex\dirty\latex_dirty_2.jpeg,success,1.0,True,True,
tearing_fingertip,latex,dirty,datasets\latex\dirty\latex_dirty_3.jpeg,success,1.0,True,True,
tearing_fingertip,latex,discoloration,datasets\latex\discoloration\latex_discoloration_1.jpeg,success,0.2407346671039685,False,False,
tearing_fingertip,latex,discoloration,datasets\latex\discoloration\latex_discoloration_2.jpeg,success,0.4539444689290436,False,False,
tearing_fingertip,latex,finger_not_enough,datasets\latex\finger_not_enough\latex_finger_not_enough_1.jpg,success,0.5182795698924731,True,True,
tearing_fingertip,latex,incomplete_beading,datasets\latex\incomplete_beading\latex_incomplete_beading_1.png,success,0.3768902675455603,False,False,
tearing_fingertip,latex,incomplete_beading,datasets\latex\incomplete_beading\latex_incomplete_beading_2.png,success,1.0,True,True,
tearing_fingertip,latex,oversize,datasets\latex\oversize\latex_oversize_1.jpeg,success,0.3178893178893179,False,False,
tearing_fingertip,latex,oversize,datasets\latex\oversize\latex_oversize_2.jpeg,success,1.0,True,True,
tearing_fingertip,latex,plastic_contamination,datasets\latex\plastic_contamination\latex_plastic_1.jpeg,success,0.31855694411695357,False,False,
tearing_fingertip,latex,plastic_contamination,datasets\latex\plastic_contamination\latex_plastic_2.jpeg,success,0.5156804733727811,True,True,
tearing_fingertip,latex,spotting,datasets\latex\spotting\latex_spotting_1.jpeg,success,0.047391553602140264,False,False,
tearing_fingertip,latex,spotting,datasets\latex\spotting\latex_spotting_2.jpeg,success,0.4503105590062112,False,False,
tearing_fingertip,latex,spotting,datasets\latex\spotting\latex_spotting_3.jpeg,success,0.3382229673093043,False,False,
tearing_fingertip,latex,stain,datasets\latex\stain\latex_stain_1.jpeg,success,1.0,True,True,
tearing_fingertip,latex,stain,datasets\latex\stain\latex_stain_2.jpeg,success,1.0,True,True,
tearing_fingertip,latex,tearing,datasets\latex\tearing\latex_tearing_1.jpg,success,1.0,True,True,
tearing_fingertip,latex,tearing,datasets\latex\tearing\latex_tearing_2.jpg,success,1.0,True,True,
tearing_fingertip,latex,touching,datasets\latex\touching\latex_touching_1.png,success,0.27064447008406134,False,False,
tearing_fingertip,latex,touching,datasets\latex\touching\latex_touching_2.png,success,0.19136408243375858,False,False,
tearing_fingertip,nitrile,damaged_by_fold,datasets\nitrile\damaged_by_fold\nitrile_damaged_by_fold_1.png,success,0.14054533362890712,False,False,
tearing_fingertip,nitrile,damaged_by_fold,datasets\nitrile\damaged_by_fold\nitrile_damaged_by_fold_2.png,success,1.0,True,True,
tearing_fingertip,nitrile,discoloration,datasets\nitrile\discoloration\nitrile_discoloration_1.jpeg,success,0.7142306209024296,True,True,
tearing_fingertip,nitrile,discoloration,datasets\nitrile\discoloration\nitrile_discoloration_2.jpeg,success,0.8983021179765447,True,True,
tearing_fingertip,nitrile,discoloration,datasets\nitrile\discoloration\nitrile_discoloration_3.jpeg,success,0.4429569266589057,False,False,
tearing_fingertip,nitrile,finger_not_enough,datasets\nitrile\finger_not_enough\nitrile_finger_not_enough_1.jpg,success,1.0,True,True,
tearing_fingertip,nitrile,finger_not_enough,datasets\nitrile\finger_not_enough\nitrile_finger_not_enough_2.jpg,success,0.0,False,False,
tearing_fingertip,nitrile,incomplete_beading,datasets\nitrile\incomplete_beading\nitrile_incomplete_beading_1.png,success,1.0,True,True,
tearing_fingertip,nitrile,incomplete_beading,datasets\nitrile\incomplete_beading\nitrile_incomplete_beading_2.png,success,1.0,True,True,
tearing_fingertip,nitrile,oversize,datasets\nitrile\oversize\nitrile_oversize_1.jpeg,success,0.06514657980456026,False,False,
tearing_fingertip,nitrile,oversize,datasets\nitrile\oversize\nitrile_oversize_2.jpeg,success,1.0,True,True,
tearing_fingertip,nitrile,plastic_contamination,datasets\nitrile\plastic_contamination\nitrile_plastic_1.jpeg,success,0.32785786121354343,False,False,
tearing_fingertip,nitrile,plastic_contamination,datasets\nitrile\plastic_contamination\nitrile_plastic_2.jpeg,success,0.6371391076115486,True,True,
tearing_fingertip,nitrile,spotting,datasets\nitrile\spotting\nitrile_spotting_1.jpeg,success,1.0,True,True,
tearing_fingertip,nitrile,spotting,datasets\nitrile\spotting\nitrile_spotting_2.jpeg,success,0.7904079725942074,True,True,
tearing_fingertip,nitrile,spotting,datasets\nitrile\spotting\nitrile_spotting_3.jpeg,success,0.48140789100198694,False,False,
tearing_fingertip,nitrile,stain,datasets\nitrile\stain\nitrile_stain_1.jpeg,success,1.0,True,True,
tearing_fingertip,nitrile,stain,datasets\nitrile\stain\nitrile_stain_2.jpeg,success,1.0,True,True,
tearing_fingertip,nitrile,stain,datasets\nitrile\stain\nitrile_stain_3.jpeg,success,1.0,True,True,
tearing_fingertip,nitrile,tearing,datasets\nitrile\tearing\nitrile_tearing_1.jpg,success,1.0,True,True,
tearing_fingertip,nitrile,tearing,datasets\nitrile\tearing\nitrile_tearing_2.jpg,success,1.0,True,True,
tearing_fingertip,nitrile,touching,datasets\nitrile\touching\nitrile_touching_1.png,success,0.011781434084907576,False,False,
tearing_fingertip,nitrile,touching,datasets\nitrile\touching\nitrile_touching_2.png,success,0.6509803921568628,True,True,
touching,cotton,damaged_by_fold,datasets\cotton\damaged_by_fold\cotton_damaged_by_fold_1.png,success,0.46440645088918203,False,False,
touching,cotton,damaged_by_fold,datasets\cotton\damaged_by_fold\cotton_damaged_by_fold_2.png,success,0.4582,False,False,
touching,cotton,dirty,datasets\cotton\dirty\cotton_dirty_1.jpeg,success,0.5081240127794646,True,True,
touching,cotton,dirty,datasets\cotton\dirty\cotton_dirty_2.jpeg,success,0.5134040728831726,True,True,
touching,cotton,dirty,datasets\cotton\dirty\cotton_dirty_3.jpeg,success,0.43,False,False,
touching,cotton,finger_not_enough,datasets\cotton\finger_not_enough\cotton_finger_not_enough_1.jpg,success,0.43,False,False,
touching,cotton,finger_not_enough,datasets\cotton\finger_not_enough\cotton_finger_not_enough_2.jpg,success,0.43,False,False,
touching,cotton,incomplete_beading,datasets\cotton\incomplete_beading\cotton_incomplete_beading_1.png,success,0.5017860354958628,True,True,
touching,cotton,oversize,datasets\cotton\oversize\cotton_oversize_1.jpeg,success,0.0,False,False,
touching,cotton,oversize,datasets\cotton\oversize\cotton_oversize_2.jpeg,success,0.5154870617784356,True,True,
touching,cotton,plastic_contamination,datasets\cotton\plastic_contamination\cotton_plastic_1.jpeg,success,0.24939999999999998,False,False,
touching,cotton,plastic_contamination,datasets\cotton\plastic_contamination\cotton_plastic_2.jpeg,success,0.24939999999999998,False,False,
touching,cotton,plastic_contamination,datasets\cotton\plastic_contamination\cotton_plastic_3.jpeg,success,0.0,False,False,
touching,cotton,tearing,datasets\cotton\tearing\cotton_tearing_1.jpg,success,0.5096977707989045,False,False,
touching,cotton,tearing_fingertip,datasets\cotton\tearing_fingertip\cotton_tearing_fingertip_1.jpg,success,0.7758342502421743,True,True,
touching,cotton,tearing_fingertip,datasets\cotton\tearing_fingertip\cotton_tearing_fingertip_2.jpg,success,0.4806189515175057,False,False,
touching,latex,damaged_by_fold,datasets\latex\damaged_by_fold\latex_damaged_by_fold_1.png,success,0.527,True,True,
touching,latex,damaged_by_fold,datasets\latex\damaged_by_fold\latex_damaged_by_fold_2.png,success,0.803275,True,True,
touching,latex,dirty,datasets\latex\dirty\latex_dirty_1.jpeg,success,0.54,False,False,
touching,latex,dirty,datasets\latex\dirty\latex_dirty_2.jpeg,success,0.527,False,False,
touching,latex,dirty,datasets\latex\dirty\latex_dirty_3.jpeg,success,0.527,True,True,
touching,latex,discoloration,datasets\latex\discoloration\latex_discoloration_1.jpeg,success,0.9674343486164723,True,True,
touching,latex,discoloration,datasets\latex\discoloration\latex_discoloration_2.jpeg,success,0.7764,True,True,
touching,latex,finger_not_enough,datasets\latex\finger_not_enough\latex_finger_not_enough_1.jpg,success,0.9405310379660504,True,True,
touching,latex,incomplete_beading,datasets\latex\incomplete_beading\latex_incomplete_beading_1.png,success,0.7762589298320183,True,True,
touching,latex,incomplete_beading,datasets\latex\incomplete_beading\latex_incomplete_beading_2.png,success,0.5444232070714263,True,True,
touching,latex,oversize,datasets\latex\oversize\latex_oversize_1.jpeg,success,0.5283456639101618,True,True,
touching,latex,oversize,datasets\latex\oversize\latex_oversize_2.jpeg,success,0.5376219853686162,True,True,
touching,latex,plastic_contamination,datasets\latex\plastic_contamination\latex_plastic_1.jpeg,success,0.7994983590985617,True,True,
touching,latex,plastic_contamination,datasets\latex\plastic_contamination\latex_plastic_2.jpeg,success,0.8032934365531172,True,True,
touching,latex,spotting,datasets\latex\spotting\latex_spotting_1.jpeg,success,0.527,False,False,
touching,latex,spotting,datasets\latex\spotting\latex_spotting_2.jpeg,success,0.5154092633859952,True,True,
touching,latex,spotting,datasets\latex\spotting\latex_spotting_3.jpeg,success,0.5019091419380086,True,True,
touching,latex,stain,datasets\latex\stain\latex_stain_1.jpeg,success,0.5217006345946542,True,True,
touching,latex,stain,datasets\latex\stain\latex_stain_2.jpeg,success,0.5498600251736647,True,True,
touching,latex,tearing,datasets\latex\tearing\latex_tearing_1.jpg,success,0.54,False,False,
touching,latex,tearing,datasets\latex\tearing\latex_tearing_2.jpg,success,0.5201471136989845,False,False,
touching,latex,tearing_fingertip,datasets\latex\tearing_fingertip\latex_tearing_fingertip_1.jpg,success,0.524589885184396,False,False,
touching,nitrile,damaged_by_fold,datasets\nitrile\damaged_by_fold\nitrile_damaged_by_fold_1.png,success,0.43862939810242474,False,False,
touching,nitrile,damaged_by_fold,datasets\nitrile\damaged_by_fold\nitrile_damaged_by_fold_2.png,success,0.41723736018259333,False,False,
touching,nitrile,discoloration,datasets\nitrile\discoloration\nitrile_discoloration_1.jpeg,success,0.43,False,False,
touching,nitrile,discoloration,datasets\nitrile\discoloration\nitrile_discoloration_2.jpeg,success,0.767115109207918,True,True,
touching,nitrile,discoloration,datasets\nitrile\discoloration\nitrile_discoloration_3.jpeg,success,0.8194,True,True,
touching,nitrile,finger_not_enough,datasets\nitrile\finger_not_enough\nitrile_finger_not_enough_1.jpg,success,0.7221860651581812,True,True,
touching,nitrile,finger_not_enough,datasets\nitrile\finger_not_enough\nitrile_finger_not_enough_2.jpg,success,0.527,True,True,
touching,nitrile,incomplete_beading,datasets\nitrile\incomplete_beading\nitrile_incomplete_beading_1.png,success,0.5346014236495052,True,True,
touching,nitrile,incomplete_beading,datasets\nitrile\incomplete_beading\nitrile_incomplete_beading_2.png,success,0.24939999999999998,False,False,
touching,nitrile,oversize,datasets\nitrile\oversize\nitrile_oversize_1.jpeg,success,0.9169822887843916,True,True,
touching,nitrile,oversize,datasets\nitrile\oversize\nitrile_oversize_2.jpeg,success,0.9952765313063204,True,True,
touching,nitrile,plastic_contamination,datasets\nitrile\plastic_contamination\nitrile_plastic_1.jpeg,success,0.962375,True,True,
touching,nitrile,plastic_contamination,datasets\nitrile\plastic_contamination\nitrile_plastic_2.jpeg,success,0.24939999999999998,False,False,
touching,nitrile,spotting,datasets\nitrile\spotting\nitrile_spotting_1.jpeg,success,0.5266168081227109,True,True,
touching,nitrile,spotting,datasets\nitrile\spotting\nitrile_spotting_2.jpeg,success,0.5118629753012938,True,True,
touching,nitrile,spotting,datasets\nitrile\spotting\nitrile_spotting_3.jpeg,success,0.559724904925174,True,True,
touching,nitrile,stain,datasets\nitrile\stain\nitrile_stain_1.jpeg,success,0.527,True,True,
touching,nitrile,stain,datasets\nitrile\stain\nitrile_stain_2.jpeg,success,0.4880357368143141,False,False,
touching,nitrile,stain,datasets\nitrile\stain\nitrile_stain_3.jpeg,success,0.527,True,True,
touching,nitrile,tearing,datasets\nitrile\tearing\nitrile_tearing_1.jpg,success,0.3159569460258971,False,False,
touching,nitrile,tearing,datasets\nitrile\tearing\nitrile_tearing_2.jpg,success,0.527,True,True,
touching,nitrile,tearing_fingertip,datasets\nitrile\tearing_fingertip\nitrile_tearing_fingertip_1.jpg,success,0.515339988434655,False,False,
touching,nitrile,tearing_fingertip,datasets\nitrile\tearing_fingertip\nitrile_tearing_fingertip_2.jpg,success,0.24939999999999998,False,False,
touching,nitrile,tearing_fingertip,datasets\nitrile\tearing_fingertip\nitrile_tearing_fingertip_3.jpg,success,0.5251882424798974,False,False,
